ts,oss,op,latency_ms
2026-04-22T02:00:00.000,oss-04,ost_write,1.90
2026-04-22T02:00:01.037,oss-04,ost_write,0.93
2026-04-22T02:00:02.074,oss-04,ost_write,1.72
2026-04-22T02:00:03.111,oss-04,ost_write,7.47
2026-04-22T02:00:04.148,oss-04,ost_write,1.80
2026-04-22T02:00:05.185,oss-04,ost_write,1.23
2026-04-22T02:00:06.222,oss-04,ost_write,1.65
2026-04-22T02:00:07.259,oss-04,ost_write,1.26
2026-04-22T02:00:08.296,oss-04,ost_write,2.05
2026-04-22T02:00:09.333,oss-04,ost_write,2.82
2026-04-22T02:00:10.370,oss-04,ost_write,1.31
2026-04-22T02:00:11.407,oss-04,ost_write,2.11
2026-04-22T02:00:12.444,oss-04,ost_write,150.96
2026-04-22T02:00:13.481,oss-04,ost_write,2.27
2026-04-22T02:00:14.518,oss-04,ost_write,2.81
2026-04-22T02:00:15.555,oss-04,ost_write,168.42
2026-04-22T02:00:16.592,oss-04,ost_write,5.10
2026-04-22T02:00:17.629,oss-04,ost_write,3.40
2026-04-22T02:00:18.666,oss-04,ost_write,2.47
2026-04-22T02:00:19.703,oss-04,ost_write,2.79
2026-04-22T02:00:20.740,oss-04,ost_write,1.85
2026-04-22T02:00:21.777,oss-04,ost_write,2.02
2026-04-22T02:00:22.814,oss-04,ost_write,2.58
2026-04-22T02:00:23.851,oss-04,ost_write,85.81
2026-04-22T02:00:24.888,oss-04,ost_write,19.49
2026-04-22T02:00:25.925,oss-04,ost_write,2.86
2026-04-22T02:00:26.962,oss-04,ost_write,0.93
2026-04-22T02:00:27.999,oss-04,ost_write,1.21
2026-04-22T02:00:28.036,oss-04,ost_write,0.71
2026-04-22T02:00:29.073,oss-04,ost_write,2.43
2026-04-22T02:00:30.110,oss-04,ost_write,4.57
2026-04-22T02:00:31.147,oss-04,ost_write,2.65
2026-04-22T02:00:32.184,oss-04,ost_write,2.36
2026-04-22T02:00:33.221,oss-04,ost_write,2.66
2026-04-22T02:00:34.258,oss-04,ost_write,2.47
2026-04-22T02:00:35.295,oss-04,ost_write,1.28
2026-04-22T02:00:36.332,oss-04,ost_write,1.02
2026-04-22T02:00:37.369,oss-04,ost_write,2.48
2026-04-22T02:00:38.406,oss-04,ost_write,142.35
2026-04-22T02:00:39.443,oss-04,ost_write,3.01
2026-04-22T02:00:40.480,oss-04,ost_write,2.66
2026-04-22T02:00:41.517,oss-04,ost_write,1.30
2026-04-22T02:00:42.554,oss-04,ost_write,1.12
2026-04-22T02:00:43.591,oss-04,ost_write,5.93
2026-04-22T02:00:44.628,oss-04,ost_write,1.90
2026-04-22T02:00:45.665,oss-04,ost_write,1.68
2026-04-22T02:00:46.702,oss-04,ost_write,3.87
2026-04-22T02:00:47.739,oss-04,ost_write,1.11
2026-04-22T02:00:48.776,oss-04,ost_write,0.67
2026-04-22T02:00:49.813,oss-04,ost_write,4.13
2026-04-22T02:00:50.850,oss-04,ost_write,1.62
2026-04-22T02:00:51.887,oss-04,ost_write,0.76
2026-04-22T02:00:52.924,oss-04,ost_write,2.33
2026-04-22T02:00:53.961,oss-04,ost_write,1.33
2026-04-22T02:00:54.998,oss-04,ost_write,4.27
2026-04-22T02:00:55.035,oss-04,ost_write,3.65
2026-04-22T02:00:56.072,oss-04,ost_write,3.41
2026-04-22T02:00:57.109,oss-04,ost_write,1.07
2026-04-22T02:00:58.146,oss-04,ost_write,53.42
2026-04-22T02:00:59.183,oss-04,ost_write,1.15
2026-04-22T02:01:00.220,oss-04,ost_write,1.34
2026-04-22T02:01:01.257,oss-04,ost_write,2.48
2026-04-22T02:01:02.294,oss-04,ost_write,7.56
2026-04-22T02:01:03.331,oss-04,ost_write,1.51
2026-04-22T02:01:04.368,oss-04,ost_write,1.41
2026-04-22T02:01:05.405,oss-04,ost_write,1.25
2026-04-22T02:01:06.442,oss-04,ost_write,1.36
2026-04-22T02:01:07.479,oss-04,ost_write,1.07
2026-04-22T02:01:08.516,oss-04,ost_write,3.29
2026-04-22T02:01:09.553,oss-04,ost_write,6.31
2026-04-22T02:01:10.590,oss-04,ost_write,5.88
2026-04-22T02:01:11.627,oss-04,ost_write,2.06
2026-04-22T02:01:12.664,oss-04,ost_write,1.00
2026-04-22T02:01:13.701,oss-04,ost_write,3.70
2026-04-22T02:01:14.738,oss-04,ost_write,1.28
2026-04-22T02:01:15.775,oss-04,ost_write,0.89
2026-04-22T02:01:16.812,oss-04,ost_write,3.18
2026-04-22T02:01:17.849,oss-04,ost_write,2.61
2026-04-22T02:01:18.886,oss-04,ost_write,2.32
2026-04-22T02:01:19.923,oss-04,ost_write,3.04
2026-04-22T02:01:20.960,oss-04,ost_write,3.65
2026-04-22T02:01:21.997,oss-04,ost_write,2.40
2026-04-22T02:01:22.034,oss-04,ost_write,1.02
2026-04-22T02:01:23.071,oss-04,ost_write,1.02
2026-04-22T02:01:24.108,oss-04,ost_write,3.42
2026-04-22T02:01:25.145,oss-04,ost_write,3.78
2026-04-22T02:01:26.182,oss-04,ost_write,4.05
2026-04-22T02:01:27.219,oss-04,ost_write,1.64
2026-04-22T02:01:28.256,oss-04,ost_write,1.68
2026-04-22T02:01:29.293,oss-04,ost_write,1.12
2026-04-22T02:01:30.330,oss-04,ost_write,3.87
2026-04-22T02:01:31.367,oss-04,ost_write,0.61
2026-04-22T02:01:32.404,oss-04,ost_write,2.53
2026-04-22T02:01:33.441,oss-04,ost_write,0.91
2026-04-22T02:01:34.478,oss-04,ost_write,1.05
2026-04-22T02:01:35.515,oss-04,ost_write,2.52
2026-04-22T02:01:36.552,oss-04,ost_write,5.72
2026-04-22T02:01:37.589,oss-04,ost_write,1.74
2026-04-22T02:01:38.626,oss-04,ost_write,1.32
2026-04-22T02:01:39.663,oss-04,ost_write,1.44
2026-04-22T02:01:40.700,oss-04,ost_write,2.05
2026-04-22T02:01:41.737,oss-04,ost_write,3.25
2026-04-22T02:01:42.774,oss-04,ost_write,2.01
2026-04-22T02:01:43.811,oss-04,ost_write,1.33
2026-04-22T02:01:44.848,oss-04,ost_write,3.25
2026-04-22T02:01:45.885,oss-04,ost_write,103.09
2026-04-22T02:01:46.922,oss-04,ost_write,3.74
2026-04-22T02:01:47.959,oss-04,ost_write,46.60
2026-04-22T02:01:48.996,oss-04,ost_write,1.13
2026-04-22T02:01:49.033,oss-04,ost_write,1.20
2026-04-22T02:01:50.070,oss-04,ost_write,2.61
2026-04-22T02:01:51.107,oss-04,ost_write,1.32
2026-04-22T02:01:52.144,oss-04,ost_write,2.51
2026-04-22T02:01:53.181,oss-04,ost_write,2.10
2026-04-22T02:01:54.218,oss-04,ost_write,262.35
2026-04-22T02:01:55.255,oss-04,ost_write,1.76
2026-04-22T02:01:56.292,oss-04,ost_write,1.10
2026-04-22T02:01:57.329,oss-04,ost_write,0.92
2026-04-22T02:01:58.366,oss-04,ost_write,2.95
2026-04-22T02:01:59.403,oss-04,ost_write,6.42
2026-04-22T02:02:00.440,oss-04,ost_write,64.38
2026-04-22T02:02:01.477,oss-04,ost_write,1.14
2026-04-22T02:02:02.514,oss-04,ost_write,2.92
2026-04-22T02:02:03.551,oss-04,ost_write,1.43
2026-04-22T02:02:04.588,oss-04,ost_write,1.36
2026-04-22T02:02:05.625,oss-04,ost_write,1.24
2026-04-22T02:02:06.662,oss-04,ost_write,1.21
2026-04-22T02:02:07.699,oss-04,ost_write,0.88
2026-04-22T02:02:08.736,oss-04,ost_write,1.34
2026-04-22T02:02:09.773,oss-04,ost_write,2.23
2026-04-22T02:02:10.810,oss-04,ost_write,2.75
2026-04-22T02:02:11.847,oss-04,ost_write,2.09
2026-04-22T02:02:12.884,oss-04,ost_write,1.58
2026-04-22T02:02:13.921,oss-04,ost_write,1.45
2026-04-22T02:02:14.958,oss-04,ost_write,5.77
2026-04-22T02:02:15.995,oss-04,ost_write,57.95
2026-04-22T02:02:16.032,oss-04,ost_write,1.64
2026-04-22T02:02:17.069,oss-04,ost_write,1.53
2026-04-22T02:02:18.106,oss-04,ost_write,25.92
2026-04-22T02:02:19.143,oss-04,ost_write,2.31
2026-04-22T02:02:20.180,oss-04,ost_write,1.45
2026-04-22T02:02:21.217,oss-04,ost_write,1.96
2026-04-22T02:02:22.254,oss-04,ost_write,1.56
2026-04-22T02:02:23.291,oss-04,ost_write,120.74
2026-04-22T02:02:24.328,oss-04,ost_write,1.61
2026-04-22T02:02:25.365,oss-04,ost_write,0.93
2026-04-22T02:02:26.402,oss-04,ost_write,2.15
2026-04-22T02:02:27.439,oss-04,ost_write,1.89
2026-04-22T02:02:28.476,oss-04,ost_write,1.13
2026-04-22T02:02:29.513,oss-04,ost_write,1.96
2026-04-22T02:02:30.550,oss-04,ost_write,44.83
2026-04-22T02:02:31.587,oss-04,ost_write,40.30
2026-04-22T02:02:32.624,oss-04,ost_write,1.76
2026-04-22T02:02:33.661,oss-04,ost_write,69.09
2026-04-22T02:02:34.698,oss-04,ost_write,0.64
2026-04-22T02:02:35.735,oss-04,ost_write,0.99
2026-04-22T02:02:36.772,oss-04,ost_write,1.94
2026-04-22T02:02:37.809,oss-04,ost_write,2.15
2026-04-22T02:02:38.846,oss-04,ost_write,115.55
2026-04-22T02:02:39.883,oss-04,ost_write,2.41
2026-04-22T02:02:40.920,oss-04,ost_write,2.42
2026-04-22T02:02:41.957,oss-04,ost_write,7.38
2026-04-22T02:02:42.994,oss-04,ost_write,3.03
2026-04-22T02:02:43.031,oss-04,ost_write,180.35
2026-04-22T02:02:44.068,oss-04,ost_write,5.25
2026-04-22T02:02:45.105,oss-04,ost_write,3.90
2026-04-22T02:02:46.142,oss-04,ost_write,2.36
2026-04-22T02:02:47.179,oss-04,ost_write,3.05
2026-04-22T02:02:48.216,oss-04,ost_write,2.14
2026-04-22T02:02:49.253,oss-04,ost_write,2.87
2026-04-22T02:02:50.290,oss-04,ost_write,3.52
2026-04-22T02:02:51.327,oss-04,ost_write,1.61
2026-04-22T02:02:52.364,oss-04,ost_write,2.60
2026-04-22T02:02:53.401,oss-04,ost_write,1.59
2026-04-22T02:02:54.438,oss-04,ost_write,2.71
2026-04-22T02:02:55.475,oss-04,ost_write,9.22
2026-04-22T02:02:56.512,oss-04,ost_write,1.41
2026-04-22T02:02:57.549,oss-04,ost_write,100.30
2026-04-22T02:02:58.586,oss-04,ost_write,1.09
2026-04-22T02:02:59.623,oss-04,ost_write,3.62
2026-04-22T02:03:00.660,oss-04,ost_write,2.35
2026-04-22T02:03:01.697,oss-04,ost_write,3.57
2026-04-22T02:03:02.734,oss-04,ost_write,1.08
2026-04-22T02:03:03.771,oss-04,ost_write,2.57
2026-04-22T02:03:04.808,oss-04,ost_write,0.57
2026-04-22T02:03:05.845,oss-04,ost_write,2.78
2026-04-22T02:03:06.882,oss-04,ost_write,3.16
2026-04-22T02:03:07.919,oss-04,ost_write,5.54
2026-04-22T02:03:08.956,oss-04,ost_write,3.24
2026-04-22T02:03:09.993,oss-04,ost_write,99.98
2026-04-22T02:03:10.030,oss-04,ost_write,1.67
2026-04-22T02:03:11.067,oss-04,ost_write,1.63
2026-04-22T02:03:12.104,oss-04,ost_write,1.91
2026-04-22T02:03:13.141,oss-04,ost_write,1.90
2026-04-22T02:03:14.178,oss-04,ost_write,1.84
2026-04-22T02:03:15.215,oss-04,ost_write,1.65
2026-04-22T02:03:16.252,oss-04,ost_write,2.81
2026-04-22T02:03:17.289,oss-04,ost_write,2.15
2026-04-22T02:03:18.326,oss-04,ost_write,1.27
2026-04-22T02:03:19.363,oss-04,ost_write,126.84
2026-04-22T02:03:20.400,oss-04,ost_write,2.58
2026-04-22T02:03:21.437,oss-04,ost_write,2.48
2026-04-22T02:03:22.474,oss-04,ost_write,0.79
2026-04-22T02:03:23.511,oss-04,ost_write,1.18
2026-04-22T02:03:24.548,oss-04,ost_write,0.92
2026-04-22T02:03:25.585,oss-04,ost_write,1.98
2026-04-22T02:03:26.622,oss-04,ost_write,1.26
2026-04-22T02:03:27.659,oss-04,ost_write,1.63
2026-04-22T02:03:28.696,oss-04,ost_write,1.31
2026-04-22T02:03:29.733,oss-04,ost_write,1.36
2026-04-22T02:03:30.770,oss-04,ost_write,2.72
2026-04-22T02:03:31.807,oss-04,ost_write,91.26
2026-04-22T02:03:32.844,oss-04,ost_write,4.94
2026-04-22T02:03:33.881,oss-04,ost_write,2.32
2026-04-22T02:03:34.918,oss-04,ost_write,4.48
2026-04-22T02:03:35.955,oss-04,ost_write,2.41
2026-04-22T02:03:36.992,oss-04,ost_write,3.56
2026-04-22T02:03:37.029,oss-04,ost_write,3.84
2026-04-22T02:03:38.066,oss-04,ost_write,2.52
2026-04-22T02:03:39.103,oss-04,ost_write,89.13
2026-04-22T02:03:40.140,oss-04,ost_write,33.47
2026-04-22T02:03:41.177,oss-04,ost_write,1.52
2026-04-22T02:03:42.214,oss-04,ost_write,53.09
2026-04-22T02:03:43.251,oss-04,ost_write,117.23
2026-04-22T02:03:44.288,oss-04,ost_write,3.41
2026-04-22T02:03:45.325,oss-04,ost_write,2.92
2026-04-22T02:03:46.362,oss-04,ost_write,2.20
2026-04-22T02:03:47.399,oss-04,ost_write,2.39
2026-04-22T02:03:48.436,oss-04,ost_write,1.37
2026-04-22T02:03:49.473,oss-04,ost_write,2.77
2026-04-22T02:03:50.510,oss-04,ost_write,195.06
2026-04-22T02:03:51.547,oss-04,ost_write,1.84
2026-04-22T02:03:52.584,oss-04,ost_write,0.96
2026-04-22T02:03:53.621,oss-04,ost_write,1.48
2026-04-22T02:03:54.658,oss-04,ost_write,1.04
2026-04-22T02:03:55.695,oss-04,ost_write,2.20
2026-04-22T02:03:56.732,oss-04,ost_write,85.27
2026-04-22T02:03:57.769,oss-04,ost_write,1.42
2026-04-22T02:03:58.806,oss-04,ost_write,3.92
2026-04-22T02:03:59.843,oss-04,ost_write,2.46
2026-04-22T02:04:00.880,oss-04,ost_write,3.26
2026-04-22T02:04:01.917,oss-04,ost_write,3.18
2026-04-22T02:04:02.954,oss-04,ost_write,3.63
2026-04-22T02:04:03.991,oss-04,ost_write,1.19
2026-04-22T02:04:04.028,oss-04,ost_write,0.77
2026-04-22T02:04:05.065,oss-04,ost_write,3.33
2026-04-22T02:04:06.102,oss-04,ost_write,0.56
2026-04-22T02:04:07.139,oss-04,ost_write,0.51
2026-04-22T02:04:08.176,oss-04,ost_write,0.68
2026-04-22T02:04:09.213,oss-04,ost_write,1.76
2026-04-22T02:04:10.250,oss-04,ost_write,1.89
2026-04-22T02:04:11.287,oss-04,ost_write,2.92
2026-04-22T02:04:12.324,oss-04,ost_write,0.91
2026-04-22T02:04:13.361,oss-04,ost_write,1.73
2026-04-22T02:04:14.398,oss-04,ost_write,1.11
2026-04-22T02:04:15.435,oss-04,ost_write,4.85
2026-04-22T02:04:16.472,oss-04,ost_write,3.74
2026-04-22T02:04:17.509,oss-04,ost_write,3.49
2026-04-22T02:04:18.546,oss-04,ost_write,1.65
2026-04-22T02:04:19.583,oss-04,ost_write,0.91
2026-04-22T02:04:20.620,oss-04,ost_write,2.31
2026-04-22T02:04:21.657,oss-04,ost_write,1.55
2026-04-22T02:04:22.694,oss-04,ost_write,3.31
2026-04-22T02:04:23.731,oss-04,ost_write,2.76
2026-04-22T02:04:24.768,oss-04,ost_write,1.15
2026-04-22T02:04:25.805,oss-04,ost_write,2.07
2026-04-22T02:04:26.842,oss-04,ost_write,4.09
2026-04-22T02:04:27.879,oss-04,ost_write,2.90
2026-04-22T02:04:28.916,oss-04,ost_write,2.10
2026-04-22T02:04:29.953,oss-04,ost_write,1.12
2026-04-22T02:04:30.990,oss-04,ost_write,1.91
2026-04-22T02:04:31.027,oss-04,ost_write,62.41
2026-04-22T02:04:32.064,oss-04,ost_write,1.80
2026-04-22T02:04:33.101,oss-04,ost_write,1.44
2026-04-22T02:04:34.138,oss-04,ost_write,55.09
2026-04-22T02:04:35.175,oss-04,ost_write,4.32
2026-04-22T02:04:36.212,oss-04,ost_write,1.41
2026-04-22T02:04:37.249,oss-04,ost_write,5.10
2026-04-22T02:04:38.286,oss-04,ost_write,2.21
2026-04-22T02:04:39.323,oss-04,ost_write,2.62
2026-04-22T02:04:40.360,oss-04,ost_write,4.18
2026-04-22T02:04:41.397,oss-04,ost_write,36.72
2026-04-22T02:04:42.434,oss-04,ost_write,1.38
2026-04-22T02:04:43.471,oss-04,ost_write,2.77
2026-04-22T02:04:44.508,oss-04,ost_write,5.42
2026-04-22T02:04:45.545,oss-04,ost_write,2.61
2026-04-22T02:04:46.582,oss-04,ost_write,2.28
2026-04-22T02:04:47.619,oss-04,ost_write,2.38
2026-04-22T02:04:48.656,oss-04,ost_write,1.90
2026-04-22T02:04:49.693,oss-04,ost_write,75.12
2026-04-22T02:04:50.730,oss-04,ost_write,2.73
2026-04-22T02:04:51.767,oss-04,ost_write,4.27
2026-04-22T02:04:52.804,oss-04,ost_write,4.18
2026-04-22T02:04:53.841,oss-04,ost_write,4.05
2026-04-22T02:04:54.878,oss-04,ost_write,0.88
2026-04-22T02:04:55.915,oss-04,ost_write,1.98
2026-04-22T02:04:56.952,oss-04,ost_write,2.81
2026-04-22T02:04:57.989,oss-04,ost_write,5.24
2026-04-22T02:04:58.026,oss-04,ost_write,1.96
2026-04-22T02:04:59.063,oss-04,ost_write,3.19
2026-04-22T02:05:00.100,oss-04,ost_write,2.06
2026-04-22T02:05:01.137,oss-04,ost_write,1.67
2026-04-22T02:05:02.174,oss-04,ost_write,2.31
2026-04-22T02:05:03.211,oss-04,ost_write,1.83
2026-04-22T02:05:04.248,oss-04,ost_write,1.73
2026-04-22T02:05:05.285,oss-04,ost_write,1.79
2026-04-22T02:05:06.322,oss-04,ost_write,71.64
2026-04-22T02:05:07.359,oss-04,ost_write,1.62
2026-04-22T02:05:08.396,oss-04,ost_write,3.21
2026-04-22T02:05:09.433,oss-04,ost_write,3.69
2026-04-22T02:05:10.470,oss-04,ost_write,2.02
2026-04-22T02:05:11.507,oss-04,ost_write,52.91
2026-04-22T02:05:12.544,oss-04,ost_write,3.35
2026-04-22T02:05:13.581,oss-04,ost_write,1.41
2026-04-22T02:05:14.618,oss-04,ost_write,1.46
2026-04-22T02:05:15.655,oss-04,ost_write,1.42
2026-04-22T02:05:16.692,oss-04,ost_write,2.45
2026-04-22T02:05:17.729,oss-04,ost_write,58.91
2026-04-22T02:05:18.766,oss-04,ost_write,0.86
2026-04-22T02:05:19.803,oss-04,ost_write,5.22
2026-04-22T02:05:20.840,oss-04,ost_write,1.35
2026-04-22T02:05:21.877,oss-04,ost_write,3.54
2026-04-22T02:05:22.914,oss-04,ost_write,1.89
2026-04-22T02:05:23.951,oss-04,ost_write,2.99
2026-04-22T02:05:24.988,oss-04,ost_write,2.68
2026-04-22T02:05:25.025,oss-04,ost_write,0.54
2026-04-22T02:05:26.062,oss-04,ost_write,1.69
2026-04-22T02:05:27.099,oss-04,ost_write,1.56
2026-04-22T02:05:28.136,oss-04,ost_write,1.56
2026-04-22T02:05:29.173,oss-04,ost_write,3.43
2026-04-22T02:05:30.210,oss-04,ost_write,1.23
2026-04-22T02:05:31.247,oss-04,ost_write,0.80
2026-04-22T02:05:32.284,oss-04,ost_write,1.20
2026-04-22T02:05:33.321,oss-04,ost_write,1.49
2026-04-22T02:05:34.358,oss-04,ost_write,0.67
2026-04-22T02:05:35.395,oss-04,ost_write,3.97
2026-04-22T02:05:36.432,oss-04,ost_write,1.99
2026-04-22T02:05:37.469,oss-04,ost_write,2.85
2026-04-22T02:05:38.506,oss-04,ost_write,2.42
2026-04-22T02:05:39.543,oss-04,ost_write,164.50
2026-04-22T02:05:40.580,oss-04,ost_write,1.34
2026-04-22T02:05:41.617,oss-04,ost_write,2.27
2026-04-22T02:05:42.654,oss-04,ost_write,3.51
2026-04-22T02:05:43.691,oss-04,ost_write,2.07
2026-04-22T02:05:44.728,oss-04,ost_write,2.58
2026-04-22T02:05:45.765,oss-04,ost_write,1.36
2026-04-22T02:05:46.802,oss-04,ost_write,1.63
2026-04-22T02:05:47.839,oss-04,ost_write,127.99
2026-04-22T02:05:48.876,oss-04,ost_write,1.02
2026-04-22T02:05:49.913,oss-04,ost_write,1.54
2026-04-22T02:05:50.950,oss-04,ost_write,39.30
2026-04-22T02:05:51.987,oss-04,ost_write,1.43
2026-04-22T02:05:52.024,oss-04,ost_write,2.10
2026-04-22T02:05:53.061,oss-04,ost_write,2.08
2026-04-22T02:05:54.098,oss-04,ost_write,1.05
2026-04-22T02:05:55.135,oss-04,ost_write,2.76
2026-04-22T02:05:56.172,oss-04,ost_write,2.09
2026-04-22T02:05:57.209,oss-04,ost_write,3.31
2026-04-22T02:05:58.246,oss-04,ost_write,1.55
2026-04-22T02:05:59.283,oss-04,ost_write,1.58
2026-04-22T02:06:00.320,oss-04,ost_write,1.94
2026-04-22T02:06:01.357,oss-04,ost_write,2.80
2026-04-22T02:06:02.394,oss-04,ost_write,0.61
2026-04-22T02:06:03.431,oss-04,ost_write,6.01
2026-04-22T02:06:04.468,oss-04,ost_write,1.17
2026-04-22T02:06:05.505,oss-04,ost_write,1.17
2026-04-22T02:06:06.542,oss-04,ost_write,1.12
2026-04-22T02:06:07.579,oss-04,ost_write,2.93
2026-04-22T02:06:08.616,oss-04,ost_write,2.28
2026-04-22T02:06:09.653,oss-04,ost_write,3.26
2026-04-22T02:06:10.690,oss-04,ost_write,5.68
2026-04-22T02:06:11.727,oss-04,ost_write,1.27
2026-04-22T02:06:12.764,oss-04,ost_write,5.36
2026-04-22T02:06:13.801,oss-04,ost_write,45.65
2026-04-22T02:06:14.838,oss-04,ost_write,5.46
2026-04-22T02:06:15.875,oss-04,ost_write,2.54
2026-04-22T02:06:16.912,oss-04,ost_write,1.59
2026-04-22T02:06:17.949,oss-04,ost_write,4.30
2026-04-22T02:06:18.986,oss-04,ost_write,0.57
2026-04-22T02:06:19.023,oss-04,ost_write,1.35
2026-04-22T02:06:20.060,oss-04,ost_write,0.65
2026-04-22T02:06:21.097,oss-04,ost_write,3.94
2026-04-22T02:06:22.134,oss-04,ost_write,1.70
2026-04-22T02:06:23.171,oss-04,ost_write,1.67
2026-04-22T02:06:24.208,oss-04,ost_write,2.19
2026-04-22T02:06:25.245,oss-04,ost_write,1.69
2026-04-22T02:06:26.282,oss-04,ost_write,2.09
2026-04-22T02:06:27.319,oss-04,ost_write,6.35
2026-04-22T02:06:28.356,oss-04,ost_write,1.68
2026-04-22T02:06:29.393,oss-04,ost_write,0.78
2026-04-22T02:06:30.430,oss-04,ost_write,1.75
2026-04-22T02:06:31.467,oss-04,ost_write,3.24
2026-04-22T02:06:32.504,oss-04,ost_write,2.75
2026-04-22T02:06:33.541,oss-04,ost_write,78.92
2026-04-22T02:06:34.578,oss-04,ost_write,2.47
2026-04-22T02:06:35.615,oss-04,ost_write,2.59
2026-04-22T02:06:36.652,oss-04,ost_write,1.72
2026-04-22T02:06:37.689,oss-04,ost_write,2.89
2026-04-22T02:06:38.726,oss-04,ost_write,2.43
2026-04-22T02:06:39.763,oss-04,ost_write,1.66
2026-04-22T02:06:40.800,oss-04,ost_write,184.60
2026-04-22T02:06:41.837,oss-04,ost_write,3.69
2026-04-22T02:06:42.874,oss-04,ost_write,1.90
2026-04-22T02:06:43.911,oss-04,ost_write,1.65
2026-04-22T02:06:44.948,oss-04,ost_write,1.85
2026-04-22T02:06:45.985,oss-04,ost_write,3.21
2026-04-22T02:06:46.022,oss-04,ost_write,0.98
2026-04-22T02:06:47.059,oss-04,ost_write,1.50
2026-04-22T02:06:48.096,oss-04,ost_write,1.02
2026-04-22T02:06:49.133,oss-04,ost_write,1.81
2026-04-22T02:06:50.170,oss-04,ost_write,1.47
2026-04-22T02:06:51.207,oss-04,ost_write,3.42
2026-04-22T02:06:52.244,oss-04,ost_write,3.65
2026-04-22T02:06:53.281,oss-04,ost_write,6.77
2026-04-22T02:06:54.318,oss-04,ost_write,3.83
2026-04-22T02:06:55.355,oss-04,ost_write,2.04
2026-04-22T02:06:56.392,oss-04,ost_write,1.32
2026-04-22T02:06:57.429,oss-04,ost_write,44.83
2026-04-22T02:06:58.466,oss-04,ost_write,4.01
2026-04-22T02:06:59.503,oss-04,ost_write,1.53
2026-04-22T02:07:00.540,oss-04,ost_write,1.48
2026-04-22T02:07:01.577,oss-04,ost_write,2.33
2026-04-22T02:07:02.614,oss-04,ost_write,3.50
2026-04-22T02:07:03.651,oss-04,ost_write,1.70
2026-04-22T02:07:04.688,oss-04,ost_write,47.05
2026-04-22T02:07:05.725,oss-04,ost_write,5.78
2026-04-22T02:07:06.762,oss-04,ost_write,1.48
2026-04-22T02:07:07.799,oss-04,ost_write,2.30
2026-04-22T02:07:08.836,oss-04,ost_write,5.49
2026-04-22T02:07:09.873,oss-04,ost_write,3.39
2026-04-22T02:07:10.910,oss-04,ost_write,2.16
2026-04-22T02:07:11.947,oss-04,ost_write,0.83
2026-04-22T02:07:12.984,oss-04,ost_write,9.45
2026-04-22T02:07:13.021,oss-04,ost_write,0.77
2026-04-22T02:07:14.058,oss-04,ost_write,2.42
2026-04-22T02:07:15.095,oss-04,ost_write,4.99
2026-04-22T02:07:16.132,oss-04,ost_write,6.03
2026-04-22T02:07:17.169,oss-04,ost_write,1.68
2026-04-22T02:07:18.206,oss-04,ost_write,1.65
2026-04-22T02:07:19.243,oss-04,ost_write,1.90
2026-04-22T02:07:20.280,oss-04,ost_write,2.04
2026-04-22T02:07:21.317,oss-04,ost_write,0.38
2026-04-22T02:07:22.354,oss-04,ost_write,1.96
2026-04-22T02:07:23.391,oss-04,ost_write,1.83
2026-04-22T02:07:24.428,oss-04,ost_write,1.72
2026-04-22T02:07:25.465,oss-04,ost_write,2.92
2026-04-22T02:07:26.502,oss-04,ost_write,1.17
2026-04-22T02:07:27.539,oss-04,ost_write,103.88
2026-04-22T02:07:28.576,oss-04,ost_write,4.58
2026-04-22T02:07:29.613,oss-04,ost_write,68.13
2026-04-22T02:07:30.650,oss-04,ost_write,0.84
2026-04-22T02:07:31.687,oss-04,ost_write,0.70
2026-04-22T02:07:32.724,oss-04,ost_write,1.16
2026-04-22T02:07:33.761,oss-04,ost_write,94.11
2026-04-22T02:07:34.798,oss-04,ost_write,3.54
2026-04-22T02:07:35.835,oss-04,ost_write,1.77
2026-04-22T02:07:36.872,oss-04,ost_write,3.76
2026-04-22T02:07:37.909,oss-04,ost_write,60.15
2026-04-22T02:07:38.946,oss-04,ost_write,1.70
2026-04-22T02:07:39.983,oss-04,ost_write,2.66
2026-04-22T02:07:40.020,oss-04,ost_write,5.62
2026-04-22T02:07:41.057,oss-04,ost_write,225.85
2026-04-22T02:07:42.094,oss-04,ost_write,2.48
2026-04-22T02:07:43.131,oss-04,ost_write,1.30
2026-04-22T02:07:44.168,oss-04,ost_write,2.55
2026-04-22T02:07:45.205,oss-04,ost_write,4.89
2026-04-22T02:07:46.242,oss-04,ost_write,2.22
2026-04-22T02:07:47.279,oss-04,ost_write,3.11
2026-04-22T02:07:48.316,oss-04,ost_write,2.01
2026-04-22T02:07:49.353,oss-04,ost_write,6.03
2026-04-22T02:07:50.390,oss-04,ost_write,76.21
2026-04-22T02:07:51.427,oss-04,ost_write,3.06
2026-04-22T02:07:52.464,oss-04,ost_write,1.66
2026-04-22T02:07:53.501,oss-04,ost_write,4.89
2026-04-22T02:07:54.538,oss-04,ost_write,2.40
2026-04-22T02:07:55.575,oss-04,ost_write,0.93
2026-04-22T02:07:56.612,oss-04,ost_write,144.43
2026-04-22T02:07:57.649,oss-04,ost_write,71.94
2026-04-22T02:07:58.686,oss-04,ost_write,2.03
2026-04-22T02:07:59.723,oss-04,ost_write,0.78
2026-04-22T02:08:00.760,oss-04,ost_write,3.80
2026-04-22T02:08:01.797,oss-04,ost_write,117.47
2026-04-22T02:08:02.834,oss-04,ost_write,4.91
2026-04-22T02:08:03.871,oss-04,ost_write,1.94
2026-04-22T02:08:04.908,oss-04,ost_write,0.85
2026-04-22T02:08:05.945,oss-04,ost_write,3.29
2026-04-22T02:08:06.982,oss-04,ost_write,0.69
2026-04-22T02:08:07.019,oss-04,ost_write,3.03
2026-04-22T02:08:08.056,oss-04,ost_write,1.33
2026-04-22T02:08:09.093,oss-04,ost_write,5.76
2026-04-22T02:08:10.130,oss-04,ost_write,2.64
2026-04-22T02:08:11.167,oss-04,ost_write,1.31
2026-04-22T02:08:12.204,oss-04,ost_write,3.28
2026-04-22T02:08:13.241,oss-04,ost_write,3.15
2026-04-22T02:08:14.278,oss-04,ost_write,118.86
2026-04-22T02:08:15.315,oss-04,ost_write,23.16
2026-04-22T02:08:16.352,oss-04,ost_write,2.47
2026-04-22T02:08:17.389,oss-04,ost_write,1.63
2026-04-22T02:08:18.426,oss-04,ost_write,0.74
2026-04-22T02:08:19.463,oss-04,ost_write,1.46
2026-04-22T02:08:20.500,oss-04,ost_write,1.54
2026-04-22T02:08:21.537,oss-04,ost_write,4.25
2026-04-22T02:08:22.574,oss-04,ost_write,1.69
2026-04-22T02:08:23.611,oss-04,ost_write,58.45
2026-04-22T02:08:24.648,oss-04,ost_write,1.35
2026-04-22T02:08:25.685,oss-04,ost_write,3.86
2026-04-22T02:08:26.722,oss-04,ost_write,1.70
2026-04-22T02:08:27.759,oss-04,ost_write,2.23
2026-04-22T02:08:28.796,oss-04,ost_write,2.04
2026-04-22T02:08:29.833,oss-04,ost_write,1.67
2026-04-22T02:08:30.870,oss-04,ost_write,8.61
2026-04-22T02:08:31.907,oss-04,ost_write,1.20
2026-04-22T02:08:32.944,oss-04,ost_write,1.35
2026-04-22T02:08:33.981,oss-04,ost_write,114.12
2026-04-22T02:08:34.018,oss-04,ost_write,46.58
2026-04-22T02:08:35.055,oss-04,ost_write,1.04
2026-04-22T02:08:36.092,oss-04,ost_write,0.64
2026-04-22T02:08:37.129,oss-04,ost_write,2.64
2026-04-22T02:08:38.166,oss-04,ost_write,1.15
2026-04-22T02:08:39.203,oss-04,ost_write,2.20
2026-04-22T02:08:40.240,oss-04,ost_write,1.58
2026-04-22T02:08:41.277,oss-04,ost_write,3.81
2026-04-22T02:08:42.314,oss-04,ost_write,66.02
2026-04-22T02:08:43.351,oss-04,ost_write,2.34
2026-04-22T02:08:44.388,oss-04,ost_write,2.12
2026-04-22T02:08:45.425,oss-04,ost_write,1.69
2026-04-22T02:08:46.462,oss-04,ost_write,4.52
2026-04-22T02:08:47.499,oss-04,ost_write,2.39
2026-04-22T02:08:48.536,oss-04,ost_write,1.74
2026-04-22T02:08:49.573,oss-04,ost_write,0.62
2026-04-22T02:08:50.610,oss-04,ost_write,2.67
2026-04-22T02:08:51.647,oss-04,ost_write,3.70
2026-04-22T02:08:52.684,oss-04,ost_write,62.24
2026-04-22T02:08:53.721,oss-04,ost_write,0.96
2026-04-22T02:08:54.758,oss-04,ost_write,36.35
2026-04-22T02:08:55.795,oss-04,ost_write,2.10
2026-04-22T02:08:56.832,oss-04,ost_write,2.70
2026-04-22T02:08:57.869,oss-04,ost_write,4.20
2026-04-22T02:08:58.906,oss-04,ost_write,0.77
2026-04-22T02:08:59.943,oss-04,ost_write,1.34
2026-04-22T02:09:00.980,oss-04,ost_write,127.52
2026-04-22T02:09:01.017,oss-04,ost_write,1.17
2026-04-22T02:09:02.054,oss-04,ost_write,1.45
2026-04-22T02:09:03.091,oss-04,ost_write,2.83
2026-04-22T02:09:04.128,oss-04,ost_write,47.03
2026-04-22T02:09:05.165,oss-04,ost_write,73.27
2026-04-22T02:09:06.202,oss-04,ost_write,1.56
2026-04-22T02:09:07.239,oss-04,ost_write,1.50
2026-04-22T02:09:08.276,oss-04,ost_write,1.54
2026-04-22T02:09:09.313,oss-04,ost_write,3.65
2026-04-22T02:09:10.350,oss-04,ost_write,4.79
2026-04-22T02:09:11.387,oss-04,ost_write,1.39
2026-04-22T02:09:12.424,oss-04,ost_write,1.61
2026-04-22T02:09:13.461,oss-04,ost_write,1.38
2026-04-22T02:09:14.498,oss-04,ost_write,2.41
2026-04-22T02:09:15.535,oss-04,ost_write,1.16
2026-04-22T02:09:16.572,oss-04,ost_write,3.21
2026-04-22T02:09:17.609,oss-04,ost_write,1.85
2026-04-22T02:09:18.646,oss-04,ost_write,4.20
2026-04-22T02:09:19.683,oss-04,ost_write,0.70
2026-04-22T02:09:20.720,oss-04,ost_write,1.01
2026-04-22T02:09:21.757,oss-04,ost_write,1.40
2026-04-22T02:09:22.794,oss-04,ost_write,2.29
2026-04-22T02:09:23.831,oss-04,ost_write,1.48
2026-04-22T02:09:24.868,oss-04,ost_write,1.58
2026-04-22T02:09:25.905,oss-04,ost_write,204.57
2026-04-22T02:09:26.942,oss-04,ost_write,1.16
2026-04-22T02:09:27.979,oss-04,ost_write,6.72
2026-04-22T02:09:28.016,oss-04,ost_write,2.11
2026-04-22T02:09:29.053,oss-04,ost_write,80.97
2026-04-22T02:09:30.090,oss-04,ost_write,2.09
2026-04-22T02:09:31.127,oss-04,ost_write,9.79
2026-04-22T02:09:32.164,oss-04,ost_write,1.18
2026-04-22T02:09:33.201,oss-04,ost_write,2.47
2026-04-22T02:09:34.238,oss-04,ost_write,2.28
2026-04-22T02:09:35.275,oss-04,ost_write,83.77
2026-04-22T02:09:36.312,oss-04,ost_write,2.18
2026-04-22T02:09:37.349,oss-04,ost_write,1.35
2026-04-22T02:09:38.386,oss-04,ost_write,2.02
2026-04-22T02:09:39.423,oss-04,ost_write,4.25
2026-04-22T02:09:40.460,oss-04,ost_write,3.10
2026-04-22T02:09:41.497,oss-04,ost_write,2.33
2026-04-22T02:09:42.534,oss-04,ost_write,2.23
2026-04-22T02:09:43.571,oss-04,ost_write,1.93
2026-04-22T02:09:44.608,oss-04,ost_write,5.10
2026-04-22T02:09:45.645,oss-04,ost_write,5.42
2026-04-22T02:09:46.682,oss-04,ost_write,4.97
2026-04-22T02:09:47.719,oss-04,ost_write,2.32
2026-04-22T02:09:48.756,oss-04,ost_write,4.37
2026-04-22T02:09:49.793,oss-04,ost_write,2.71
2026-04-22T02:09:50.830,oss-04,ost_write,1.24
2026-04-22T02:09:51.867,oss-04,ost_write,2.22
2026-04-22T02:09:52.904,oss-04,ost_write,2.08
2026-04-22T02:09:53.941,oss-04,ost_write,1.38
2026-04-22T02:09:54.978,oss-04,ost_write,1.21
2026-04-22T02:09:55.015,oss-04,ost_write,5.91
2026-04-22T02:09:56.052,oss-04,ost_write,3.37
2026-04-22T02:09:57.089,oss-04,ost_write,0.72
2026-04-22T02:09:58.126,oss-04,ost_write,4.26
2026-04-22T02:09:59.163,oss-04,ost_write,3.65
2026-04-22T02:10:00.200,oss-04,ost_write,1.47
2026-04-22T02:10:01.237,oss-04,ost_write,0.77
2026-04-22T02:10:02.274,oss-04,ost_write,32.53
2026-04-22T02:10:03.311,oss-04,ost_write,0.91
2026-04-22T02:10:04.348,oss-04,ost_write,50.08
2026-04-22T02:10:05.385,oss-04,ost_write,2.78
2026-04-22T02:10:06.422,oss-04,ost_write,59.17
2026-04-22T02:10:07.459,oss-04,ost_write,1.40
2026-04-22T02:10:08.496,oss-04,ost_write,0.68
2026-04-22T02:10:09.533,oss-04,ost_write,2.18
2026-04-22T02:10:10.570,oss-04,ost_write,0.99
2026-04-22T02:10:11.607,oss-04,ost_write,2.21
2026-04-22T02:10:12.644,oss-04,ost_write,160.22
2026-04-22T02:10:13.681,oss-04,ost_write,2.62
2026-04-22T02:10:14.718,oss-04,ost_write,3.55
2026-04-22T02:10:15.755,oss-04,ost_write,4.23
2026-04-22T02:10:16.792,oss-04,ost_write,2.92
2026-04-22T02:10:17.829,oss-04,ost_write,1.14
2026-04-22T02:10:18.866,oss-04,ost_write,3.48
2026-04-22T02:10:19.903,oss-04,ost_write,1.29
2026-04-22T02:10:20.940,oss-04,ost_write,5.54
2026-04-22T02:10:21.977,oss-04,ost_write,2.08
2026-04-22T02:10:22.014,oss-04,ost_write,2.81
2026-04-22T02:10:23.051,oss-04,ost_write,0.73
2026-04-22T02:10:24.088,oss-04,ost_write,6.02
2026-04-22T02:10:25.125,oss-04,ost_write,81.36
2026-04-22T02:10:26.162,oss-04,ost_write,4.26
2026-04-22T02:10:27.199,oss-04,ost_write,2.26
2026-04-22T02:10:28.236,oss-04,ost_write,1.77
2026-04-22T02:10:29.273,oss-04,ost_write,1.07
2026-04-22T02:10:30.310,oss-04,ost_write,3.23
2026-04-22T02:10:31.347,oss-04,ost_write,1.66
2026-04-22T02:10:32.384,oss-04,ost_write,3.38
2026-04-22T02:10:33.421,oss-04,ost_write,1.42
2026-04-22T02:10:34.458,oss-04,ost_write,0.66
2026-04-22T02:10:35.495,oss-04,ost_write,2.16
2026-04-22T02:10:36.532,oss-04,ost_write,1.36
2026-04-22T02:10:37.569,oss-04,ost_write,3.97
2026-04-22T02:10:38.606,oss-04,ost_write,2.68
2026-04-22T02:10:39.643,oss-04,ost_write,1.75
2026-04-22T02:10:40.680,oss-04,ost_write,2.60
2026-04-22T02:10:41.717,oss-04,ost_write,2.39
2026-04-22T02:10:42.754,oss-04,ost_write,1.93
2026-04-22T02:10:43.791,oss-04,ost_write,2.22
2026-04-22T02:10:44.828,oss-04,ost_write,1.13
2026-04-22T02:10:45.865,oss-04,ost_write,2.86
2026-04-22T02:10:46.902,oss-04,ost_write,2.79
2026-04-22T02:10:47.939,oss-04,ost_write,70.73
2026-04-22T02:10:48.976,oss-04,ost_write,1.58
2026-04-22T02:10:49.013,oss-04,ost_write,2.11
2026-04-22T02:10:50.050,oss-04,ost_write,2.28
2026-04-22T02:10:51.087,oss-04,ost_write,4.86
2026-04-22T02:10:52.124,oss-04,ost_write,2.19
2026-04-22T02:10:53.161,oss-04,ost_write,3.83
2026-04-22T02:10:54.198,oss-04,ost_write,1.17
2026-04-22T02:10:55.235,oss-04,ost_write,1.08
2026-04-22T02:10:56.272,oss-04,ost_write,4.18
2026-04-22T02:10:57.309,oss-04,ost_write,3.07
2026-04-22T02:10:58.346,oss-04,ost_write,1.56
2026-04-22T02:10:59.383,oss-04,ost_write,3.02
2026-04-22T02:11:00.420,oss-04,ost_write,1.60
2026-04-22T02:11:01.457,oss-04,ost_write,1.10
2026-04-22T02:11:02.494,oss-04,ost_write,203.01
2026-04-22T02:11:03.531,oss-04,ost_write,1.94
2026-04-22T02:11:04.568,oss-04,ost_write,1.45
2026-04-22T02:11:05.605,oss-04,ost_write,3.73
2026-04-22T02:11:06.642,oss-04,ost_write,71.39
2026-04-22T02:11:07.679,oss-04,ost_write,3.77
2026-04-22T02:11:08.716,oss-04,ost_write,1.32
2026-04-22T02:11:09.753,oss-04,ost_write,3.25
2026-04-22T02:11:10.790,oss-04,ost_write,5.44
2026-04-22T02:11:11.827,oss-04,ost_write,1.10
2026-04-22T02:11:12.864,oss-04,ost_write,0.97
2026-04-22T02:11:13.901,oss-04,ost_write,4.75
2026-04-22T02:11:14.938,oss-04,ost_write,2.42
2026-04-22T02:11:15.975,oss-04,ost_write,2.22
2026-04-22T02:11:16.012,oss-04,ost_write,1.21
2026-04-22T02:11:17.049,oss-04,ost_write,2.35
2026-04-22T02:11:18.086,oss-04,ost_write,1.62
2026-04-22T02:11:19.123,oss-04,ost_write,39.45
2026-04-22T02:11:20.160,oss-04,ost_write,191.22
2026-04-22T02:11:21.197,oss-04,ost_write,4.33
2026-04-22T02:11:22.234,oss-04,ost_write,133.36
2026-04-22T02:11:23.271,oss-04,ost_write,3.07
2026-04-22T02:11:24.308,oss-04,ost_write,292.53
2026-04-22T02:11:25.345,oss-04,ost_write,3.91
2026-04-22T02:11:26.382,oss-04,ost_write,57.37
2026-04-22T02:11:27.419,oss-04,ost_write,95.42
2026-04-22T02:11:28.456,oss-04,ost_write,80.37
2026-04-22T02:11:29.493,oss-04,ost_write,1.62
2026-04-22T02:11:30.530,oss-04,ost_write,2.33
2026-04-22T02:11:31.567,oss-04,ost_write,1.53
2026-04-22T02:11:32.604,oss-04,ost_write,3.66
2026-04-22T02:11:33.641,oss-04,ost_write,0.52
2026-04-22T02:11:34.678,oss-04,ost_write,2.74
2026-04-22T02:11:35.715,oss-04,ost_write,0.56
2026-04-22T02:11:36.752,oss-04,ost_write,2.79
2026-04-22T02:11:37.789,oss-04,ost_write,1.72
2026-04-22T02:11:38.826,oss-04,ost_write,0.59
2026-04-22T02:11:39.863,oss-04,ost_write,1.81
2026-04-22T02:11:40.900,oss-04,ost_write,55.33
2026-04-22T02:11:41.937,oss-04,ost_write,0.75
2026-04-22T02:11:42.974,oss-04,ost_write,110.83
2026-04-22T02:11:43.011,oss-04,ost_write,105.52
2026-04-22T02:11:44.048,oss-04,ost_write,3.84
2026-04-22T02:11:45.085,oss-04,ost_write,2.23
2026-04-22T02:11:46.122,oss-04,ost_write,51.57
2026-04-22T02:11:47.159,oss-04,ost_write,1.33
2026-04-22T02:11:48.196,oss-04,ost_write,1.71
2026-04-22T02:11:49.233,oss-04,ost_write,27.08
2026-04-22T02:11:50.270,oss-04,ost_write,0.51
2026-04-22T02:11:51.307,oss-04,ost_write,3.63
2026-04-22T02:11:52.344,oss-04,ost_write,2.39
2026-04-22T02:11:53.381,oss-04,ost_write,2.47
2026-04-22T02:11:54.418,oss-04,ost_write,1.43
2026-04-22T02:11:55.455,oss-04,ost_write,6.45
2026-04-22T02:11:56.492,oss-04,ost_write,2.51
2026-04-22T02:11:57.529,oss-04,ost_write,1.84
2026-04-22T02:11:58.566,oss-04,ost_write,1.48
2026-04-22T02:11:59.603,oss-04,ost_write,1.15
2026-04-22T02:12:00.640,oss-04,ost_write,1.03
2026-04-22T02:12:01.677,oss-04,ost_write,1.70
2026-04-22T02:12:02.714,oss-04,ost_write,2.03
2026-04-22T02:12:03.751,oss-04,ost_write,3.26
2026-04-22T02:12:04.788,oss-04,ost_write,1.65
2026-04-22T02:12:05.825,oss-04,ost_write,3.49
2026-04-22T02:12:06.862,oss-04,ost_write,0.94
2026-04-22T02:12:07.899,oss-04,ost_write,0.66
2026-04-22T02:12:08.936,oss-04,ost_write,1.49
2026-04-22T02:12:09.973,oss-04,ost_write,6.28
2026-04-22T02:12:10.010,oss-04,ost_write,0.65
2026-04-22T02:12:11.047,oss-04,ost_write,4.94
2026-04-22T02:12:12.084,oss-04,ost_write,2.54
2026-04-22T02:12:13.121,oss-04,ost_write,98.27
2026-04-22T02:12:14.158,oss-04,ost_write,1.86
2026-04-22T02:12:15.195,oss-04,ost_write,324.61
2026-04-22T02:12:16.232,oss-04,ost_write,3.34
2026-04-22T02:12:17.269,oss-04,ost_write,60.11
2026-04-22T02:12:18.306,oss-04,ost_write,117.58
2026-04-22T02:12:19.343,oss-04,ost_write,2.93
2026-04-22T02:12:20.380,oss-04,ost_write,0.69
2026-04-22T02:12:21.417,oss-04,ost_write,170.95
2026-04-22T02:12:22.454,oss-04,ost_write,2.75
2026-04-22T02:12:23.491,oss-04,ost_write,3.01
2026-04-22T02:12:24.528,oss-04,ost_write,1.19
2026-04-22T02:12:25.565,oss-04,ost_write,3.09
2026-04-22T02:12:26.602,oss-04,ost_write,1.00
2026-04-22T02:12:27.639,oss-04,ost_write,4.63
2026-04-22T02:12:28.676,oss-04,ost_write,1.33
2026-04-22T02:12:29.713,oss-04,ost_write,1.98
2026-04-22T02:12:30.750,oss-04,ost_write,1.25
2026-04-22T02:12:31.787,oss-04,ost_write,5.59
2026-04-22T02:12:32.824,oss-04,ost_write,3.15
2026-04-22T02:12:33.861,oss-04,ost_write,1.72
2026-04-22T02:12:34.898,oss-04,ost_write,1.84
2026-04-22T02:12:35.935,oss-04,ost_write,3.43
2026-04-22T02:12:36.972,oss-04,ost_write,124.68
2026-04-22T02:12:37.009,oss-04,ost_write,90.04
2026-04-22T02:12:38.046,oss-04,ost_write,2.04
2026-04-22T02:12:39.083,oss-04,ost_write,125.44
2026-04-22T02:12:40.120,oss-04,ost_write,1.02
2026-04-22T02:12:41.157,oss-04,ost_write,2.66
2026-04-22T02:12:42.194,oss-04,ost_write,5.34
2026-04-22T02:12:43.231,oss-04,ost_write,2.21
2026-04-22T02:12:44.268,oss-04,ost_write,4.22
2026-04-22T02:12:45.305,oss-04,ost_write,0.82
2026-04-22T02:12:46.342,oss-04,ost_write,4.27
2026-04-22T02:12:47.379,oss-04,ost_write,2.09
2026-04-22T02:12:48.416,oss-04,ost_write,1.29
2026-04-22T02:12:49.453,oss-04,ost_write,3.79
2026-04-22T02:12:50.490,oss-04,ost_write,5.86
2026-04-22T02:12:51.527,oss-04,ost_write,101.17
2026-04-22T02:12:52.564,oss-04,ost_write,2.82
2026-04-22T02:12:53.601,oss-04,ost_write,1.57
2026-04-22T02:12:54.638,oss-04,ost_write,3.62
2026-04-22T02:12:55.675,oss-04,ost_write,3.24
2026-04-22T02:12:56.712,oss-04,ost_write,1.86
2026-04-22T02:12:57.749,oss-04,ost_write,1.19
2026-04-22T02:12:58.786,oss-04,ost_write,4.54
2026-04-22T02:12:59.823,oss-04,ost_write,1.61
2026-04-22T02:13:00.860,oss-04,ost_write,2.00
2026-04-22T02:13:01.897,oss-04,ost_write,35.57
2026-04-22T02:13:02.934,oss-04,ost_write,5.62
2026-04-22T02:13:03.971,oss-04,ost_write,2.46
2026-04-22T02:13:04.008,oss-04,ost_write,1.72
2026-04-22T02:13:05.045,oss-04,ost_write,1.50
2026-04-22T02:13:06.082,oss-04,ost_write,3.03
2026-04-22T02:13:07.119,oss-04,ost_write,1.38
2026-04-22T02:13:08.156,oss-04,ost_write,4.23
2026-04-22T02:13:09.193,oss-04,ost_write,1.17
2026-04-22T02:13:10.230,oss-04,ost_write,1.93
2026-04-22T02:13:11.267,oss-04,ost_write,0.98
2026-04-22T02:13:12.304,oss-04,ost_write,4.92
2026-04-22T02:13:13.341,oss-04,ost_write,212.88
2026-04-22T02:13:14.378,oss-04,ost_write,0.86
2026-04-22T02:13:15.415,oss-04,ost_write,1.98
2026-04-22T02:13:16.452,oss-04,ost_write,2.60
2026-04-22T02:13:17.489,oss-04,ost_write,2.67
2026-04-22T02:13:18.526,oss-04,ost_write,286.21
2026-04-22T02:13:19.563,oss-04,ost_write,2.06
2026-04-22T02:13:20.600,oss-04,ost_write,0.57
2026-04-22T02:13:21.637,oss-04,ost_write,4.12
2026-04-22T02:13:22.674,oss-04,ost_write,1.33
2026-04-22T02:13:23.711,oss-04,ost_write,3.03
2026-04-22T02:13:24.748,oss-04,ost_write,1.05
2026-04-22T02:13:25.785,oss-04,ost_write,1.85
2026-04-22T02:13:26.822,oss-04,ost_write,1.29
2026-04-22T02:13:27.859,oss-04,ost_write,2.78
2026-04-22T02:13:28.896,oss-04,ost_write,168.15
2026-04-22T02:13:29.933,oss-04,ost_write,1.63
2026-04-22T02:13:30.970,oss-04,ost_write,1.24
2026-04-22T02:13:31.007,oss-04,ost_write,2.45
2026-04-22T02:13:32.044,oss-04,ost_write,2.27
2026-04-22T02:13:33.081,oss-04,ost_write,0.69
2026-04-22T02:13:34.118,oss-04,ost_write,64.35
2026-04-22T02:13:35.155,oss-04,ost_write,3.37
2026-04-22T02:13:36.192,oss-04,ost_write,3.73
2026-04-22T02:13:37.229,oss-04,ost_write,1.45
2026-04-22T02:13:38.266,oss-04,ost_write,2.25
2026-04-22T02:13:39.303,oss-04,ost_write,71.95
2026-04-22T02:13:40.340,oss-04,ost_write,3.24
2026-04-22T02:13:41.377,oss-04,ost_write,3.76
2026-04-22T02:13:42.414,oss-04,ost_write,2.34
2026-04-22T02:13:43.451,oss-04,ost_write,34.31
2026-04-22T02:13:44.488,oss-04,ost_write,5.41
2026-04-22T02:13:45.525,oss-04,ost_write,2.27
2026-04-22T02:13:46.562,oss-04,ost_write,1.81
2026-04-22T02:13:47.599,oss-04,ost_write,1.19
2026-04-22T02:13:48.636,oss-04,ost_write,1.94
2026-04-22T02:13:49.673,oss-04,ost_write,107.36
2026-04-22T02:13:50.710,oss-04,ost_write,2.28
2026-04-22T02:13:51.747,oss-04,ost_write,1.68
2026-04-22T02:13:52.784,oss-04,ost_write,0.73
2026-04-22T02:13:53.821,oss-04,ost_write,1.57
2026-04-22T02:13:54.858,oss-04,ost_write,2.72
2026-04-22T02:13:55.895,oss-04,ost_write,2.40
2026-04-22T02:13:56.932,oss-04,ost_write,1.76
2026-04-22T02:13:57.969,oss-04,ost_write,2.69
2026-04-22T02:13:58.006,oss-04,ost_write,1.14
2026-04-22T02:13:59.043,oss-04,ost_write,1.79
2026-04-22T02:14:00.080,oss-04,ost_write,1.56
2026-04-22T02:14:01.117,oss-04,ost_write,2.91
2026-04-22T02:14:02.154,oss-04,ost_write,2.53
2026-04-22T02:14:03.191,oss-04,ost_write,2.81
2026-04-22T02:14:04.228,oss-04,ost_write,2.47
2026-04-22T02:14:05.265,oss-04,ost_write,1.59
2026-04-22T02:14:06.302,oss-04,ost_write,89.45
2026-04-22T02:14:07.339,oss-04,ost_write,2.84
2026-04-22T02:14:08.376,oss-04,ost_write,7.09
2026-04-22T02:14:09.413,oss-04,ost_write,3.98
2026-04-22T02:14:10.450,oss-04,ost_write,1.06
2026-04-22T02:14:11.487,oss-04,ost_write,0.95
2026-04-22T02:14:12.524,oss-04,ost_write,100.63
2026-04-22T02:14:13.561,oss-04,ost_write,3.34
2026-04-22T02:14:14.598,oss-04,ost_write,3.91
2026-04-22T02:14:15.635,oss-04,ost_write,0.91
2026-04-22T02:14:16.672,oss-04,ost_write,1.76
2026-04-22T02:14:17.709,oss-04,ost_write,1.80
2026-04-22T02:14:18.746,oss-04,ost_write,6.45
2026-04-22T02:14:19.783,oss-04,ost_write,1.24
2026-04-22T02:14:20.820,oss-04,ost_write,0.69
2026-04-22T02:14:21.857,oss-04,ost_write,129.26
2026-04-22T02:14:22.894,oss-04,ost_write,2.49
2026-04-22T02:14:23.931,oss-04,ost_write,2.99
2026-04-22T02:14:24.968,oss-04,ost_write,1.82
2026-04-22T02:14:25.005,oss-04,ost_write,1.94
2026-04-22T02:14:26.042,oss-04,ost_write,3.75
2026-04-22T02:14:27.079,oss-04,ost_write,1.20
2026-04-22T02:14:28.116,oss-04,ost_write,4.13
2026-04-22T02:14:29.153,oss-04,ost_write,1.58
2026-04-22T02:14:30.190,oss-04,ost_write,0.96
2026-04-22T02:14:31.227,oss-04,ost_write,3.81
2026-04-22T02:14:32.264,oss-04,ost_write,0.75
2026-04-22T02:14:33.301,oss-04,ost_write,2.89
2026-04-22T02:14:34.338,oss-04,ost_write,123.84
2026-04-22T02:14:35.375,oss-04,ost_write,2.49
2026-04-22T02:14:36.412,oss-04,ost_write,0.72
2026-04-22T02:14:37.449,oss-04,ost_write,2.76
2026-04-22T02:14:38.486,oss-04,ost_write,1.15
2026-04-22T02:14:39.523,oss-04,ost_write,1.19
2026-04-22T02:14:40.560,oss-04,ost_write,91.73
2026-04-22T02:14:41.597,oss-04,ost_write,1.89
2026-04-22T02:14:42.634,oss-04,ost_write,163.68
2026-04-22T02:14:43.671,oss-04,ost_write,1.95
2026-04-22T02:14:44.708,oss-04,ost_write,3.81
2026-04-22T02:14:45.745,oss-04,ost_write,1.74
2026-04-22T02:14:46.782,oss-04,ost_write,3.32
2026-04-22T02:14:47.819,oss-04,ost_write,3.37
2026-04-22T02:14:48.856,oss-04,ost_write,2.75
2026-04-22T02:14:49.893,oss-04,ost_write,3.25
2026-04-22T02:14:50.930,oss-04,ost_write,3.30
2026-04-22T02:14:51.967,oss-04,ost_write,2.85
2026-04-22T02:14:52.004,oss-04,ost_write,1.69
2026-04-22T02:14:53.041,oss-04,ost_write,1.83
2026-04-22T02:14:54.078,oss-04,ost_write,6.88
2026-04-22T02:14:55.115,oss-04,ost_write,3.14
2026-04-22T02:14:56.152,oss-04,ost_write,1.80
2026-04-22T02:14:57.189,oss-04,ost_write,161.57
2026-04-22T02:14:58.226,oss-04,ost_write,84.26
2026-04-22T02:14:59.263,oss-04,ost_write,1.27
2026-04-22T02:15:00.300,oss-04,ost_write,1.23
2026-04-22T02:15:01.337,oss-04,ost_write,51.76
2026-04-22T02:15:02.374,oss-04,ost_write,2.02
2026-04-22T02:15:03.411,oss-04,ost_write,4.39
2026-04-22T02:15:04.448,oss-04,ost_write,3.32
2026-04-22T02:15:05.485,oss-04,ost_write,1.00
2026-04-22T02:15:06.522,oss-04,ost_write,82.27
2026-04-22T02:15:07.559,oss-04,ost_write,0.64
2026-04-22T02:15:08.596,oss-04,ost_write,4.05
2026-04-22T02:15:09.633,oss-04,ost_write,2.54
2026-04-22T02:15:10.670,oss-04,ost_write,112.36
2026-04-22T02:15:11.707,oss-04,ost_write,4.06
2026-04-22T02:15:12.744,oss-04,ost_write,3.00
2026-04-22T02:15:13.781,oss-04,ost_write,0.79
2026-04-22T02:15:14.818,oss-04,ost_write,74.90
2026-04-22T02:15:15.855,oss-04,ost_write,1.12
2026-04-22T02:15:16.892,oss-04,ost_write,2.54
2026-04-22T02:15:17.929,oss-04,ost_write,1.28
2026-04-22T02:15:18.966,oss-04,ost_write,3.51
2026-04-22T02:15:19.003,oss-04,ost_write,1.20
2026-04-22T02:15:20.040,oss-04,ost_write,3.22
2026-04-22T02:15:21.077,oss-04,ost_write,2.62
2026-04-22T02:15:22.114,oss-04,ost_write,7.86
2026-04-22T02:15:23.151,oss-04,ost_write,4.40
2026-04-22T02:15:24.188,oss-04,ost_write,1.29
2026-04-22T02:15:25.225,oss-04,ost_write,154.77
2026-04-22T02:15:26.262,oss-04,ost_write,1.75
2026-04-22T02:15:27.299,oss-04,ost_write,1.26
2026-04-22T02:15:28.336,oss-04,ost_write,60.19
2026-04-22T02:15:29.373,oss-04,ost_write,68.35
2026-04-22T02:15:30.410,oss-04,ost_write,2.58
2026-04-22T02:15:31.447,oss-04,ost_write,0.86
2026-04-22T02:15:32.484,oss-04,ost_write,4.67
2026-04-22T02:15:33.521,oss-04,ost_write,1.51
2026-04-22T02:15:34.558,oss-04,ost_write,3.31
2026-04-22T02:15:35.595,oss-04,ost_write,1.47
2026-04-22T02:15:36.632,oss-04,ost_write,5.45
2026-04-22T02:15:37.669,oss-04,ost_write,109.14
2026-04-22T02:15:38.706,oss-04,ost_write,51.04
2026-04-22T02:15:39.743,oss-04,ost_write,1.93
2026-04-22T02:15:40.780,oss-04,ost_write,5.32
2026-04-22T02:15:41.817,oss-04,ost_write,1.75
2026-04-22T02:15:42.854,oss-04,ost_write,132.54
2026-04-22T02:15:43.891,oss-04,ost_write,2.74
2026-04-22T02:15:44.928,oss-04,ost_write,2.20
2026-04-22T02:15:45.965,oss-04,ost_write,1.74
2026-04-22T02:15:46.002,oss-04,ost_write,1.44
2026-04-22T02:15:47.039,oss-04,ost_write,3.12
2026-04-22T02:15:48.076,oss-04,ost_write,2.02
2026-04-22T02:15:49.113,oss-04,ost_write,1.66
2026-04-22T02:15:50.150,oss-04,ost_write,1.62
2026-04-22T02:15:51.187,oss-04,ost_write,23.61
2026-04-22T02:15:52.224,oss-04,ost_write,1.37
2026-04-22T02:15:53.261,oss-04,ost_write,4.15
2026-04-22T02:15:54.298,oss-04,ost_write,1.16
2026-04-22T02:15:55.335,oss-04,ost_write,1.49
2026-04-22T02:15:56.372,oss-04,ost_write,2.47
2026-04-22T02:15:57.409,oss-04,ost_write,1.62
2026-04-22T02:15:58.446,oss-04,ost_write,2.88
2026-04-22T02:15:59.483,oss-04,ost_write,1.65
2026-04-22T02:16:00.520,oss-04,ost_write,2.80
2026-04-22T02:16:01.557,oss-04,ost_write,110.30
2026-04-22T02:16:02.594,oss-04,ost_write,3.55
2026-04-22T02:16:03.631,oss-04,ost_write,3.41
2026-04-22T02:16:04.668,oss-04,ost_write,5.83
2026-04-22T02:16:05.705,oss-04,ost_write,3.65
2026-04-22T02:16:06.742,oss-04,ost_write,4.61
2026-04-22T02:16:07.779,oss-04,ost_write,1.64
2026-04-22T02:16:08.816,oss-04,ost_write,64.19
2026-04-22T02:16:09.853,oss-04,ost_write,2.68
2026-04-22T02:16:10.890,oss-04,ost_write,39.25
2026-04-22T02:16:11.927,oss-04,ost_write,1.48
2026-04-22T02:16:12.964,oss-04,ost_write,0.78
2026-04-22T02:16:13.001,oss-04,ost_write,74.25
2026-04-22T02:16:14.038,oss-04,ost_write,2.64
2026-04-22T02:16:15.075,oss-04,ost_write,0.79
2026-04-22T02:16:16.112,oss-04,ost_write,3.35
2026-04-22T02:16:17.149,oss-04,ost_write,1.26
2026-04-22T02:16:18.186,oss-04,ost_write,2.75
2026-04-22T02:16:19.223,oss-04,ost_write,2.45
2026-04-22T02:16:20.260,oss-04,ost_write,1.36
2026-04-22T02:16:21.297,oss-04,ost_write,4.21
2026-04-22T02:16:22.334,oss-04,ost_write,5.02
2026-04-22T02:16:23.371,oss-04,ost_write,2.03
2026-04-22T02:16:24.408,oss-04,ost_write,1.63
2026-04-22T02:16:25.445,oss-04,ost_write,0.99
2026-04-22T02:16:26.482,oss-04,ost_write,2.78
2026-04-22T02:16:27.519,oss-04,ost_write,0.66
2026-04-22T02:16:28.556,oss-04,ost_write,25.22
2026-04-22T02:16:29.593,oss-04,ost_write,4.94
2026-04-22T02:16:30.630,oss-04,ost_write,2.69
2026-04-22T02:16:31.667,oss-04,ost_write,2.72
2026-04-22T02:16:32.704,oss-04,ost_write,5.63
2026-04-22T02:16:33.741,oss-04,ost_write,9.30
2026-04-22T02:16:34.778,oss-04,ost_write,0.82
2026-04-22T02:16:35.815,oss-04,ost_write,3.69
2026-04-22T02:16:36.852,oss-04,ost_write,2.17
2026-04-22T02:16:37.889,oss-04,ost_write,8.43
2026-04-22T02:16:38.926,oss-04,ost_write,3.09
2026-04-22T02:16:39.963,oss-04,ost_write,170.42
2026-04-22T02:16:40.000,oss-04,ost_write,1.37
2026-04-22T02:16:41.037,oss-04,ost_write,4.42
2026-04-22T02:16:42.074,oss-04,ost_write,1.45
2026-04-22T02:16:43.111,oss-04,ost_write,1.31
2026-04-22T02:16:44.148,oss-04,ost_write,1.60
2026-04-22T02:16:45.185,oss-04,ost_write,209.37
2026-04-22T02:16:46.222,oss-04,ost_write,0.88
2026-04-22T02:16:47.259,oss-04,ost_write,1.39
2026-04-22T02:16:48.296,oss-04,ost_write,2.44
2026-04-22T02:16:49.333,oss-04,ost_write,5.61
2026-04-22T02:16:50.370,oss-04,ost_write,2.08
2026-04-22T02:16:51.407,oss-04,ost_write,2.20
2026-04-22T02:16:52.444,oss-04,ost_write,127.88
2026-04-22T02:16:53.481,oss-04,ost_write,2.98
2026-04-22T02:16:54.518,oss-04,ost_write,5.59
2026-04-22T02:16:55.555,oss-04,ost_write,2.23
2026-04-22T02:16:56.592,oss-04,ost_write,1.52
2026-04-22T02:16:57.629,oss-04,ost_write,1.64
2026-04-22T02:16:58.666,oss-04,ost_write,1.45
2026-04-22T02:16:59.703,oss-04,ost_write,2.33
2026-04-22T02:17:00.740,oss-04,ost_write,1.95
2026-04-22T02:17:01.777,oss-04,ost_write,3.87
2026-04-22T02:17:02.814,oss-04,ost_write,1.37
2026-04-22T02:17:03.851,oss-04,ost_write,1.80
2026-04-22T02:17:04.888,oss-04,ost_write,2.27
2026-04-22T02:17:05.925,oss-04,ost_write,2.65
2026-04-22T02:17:06.962,oss-04,ost_write,3.13
2026-04-22T02:17:07.999,oss-04,ost_write,1.38
2026-04-22T02:17:08.036,oss-04,ost_write,2.06
2026-04-22T02:17:09.073,oss-04,ost_write,141.24
2026-04-22T02:17:10.110,oss-04,ost_write,2.34
2026-04-22T02:17:11.147,oss-04,ost_write,2.01
2026-04-22T02:17:12.184,oss-04,ost_write,1.96
2026-04-22T02:17:13.221,oss-04,ost_write,1.90
2026-04-22T02:17:14.258,oss-04,ost_write,282.62
2026-04-22T02:17:15.295,oss-04,ost_write,61.11
2026-04-22T02:17:16.332,oss-04,ost_write,2.09
2026-04-22T02:17:17.369,oss-04,ost_write,3.61
2026-04-22T02:17:18.406,oss-04,ost_write,1.48
2026-04-22T02:17:19.443,oss-04,ost_write,1.37
2026-04-22T02:17:20.480,oss-04,ost_write,2.16
2026-04-22T02:17:21.517,oss-04,ost_write,3.07
2026-04-22T02:17:22.554,oss-04,ost_write,1.53
2026-04-22T02:17:23.591,oss-04,ost_write,2.14
2026-04-22T02:17:24.628,oss-04,ost_write,1.83
2026-04-22T02:17:25.665,oss-04,ost_write,1.54
2026-04-22T02:17:26.702,oss-04,ost_write,2.67
2026-04-22T02:17:27.739,oss-04,ost_write,4.78
2026-04-22T02:17:28.776,oss-04,ost_write,1.49
2026-04-22T02:17:29.813,oss-04,ost_write,1.54
2026-04-22T02:17:30.850,oss-04,ost_write,5.35
2026-04-22T02:17:31.887,oss-04,ost_write,2.87
2026-04-22T02:17:32.924,oss-04,ost_write,4.96
2026-04-22T02:17:33.961,oss-04,ost_write,4.59
2026-04-22T02:17:34.998,oss-04,ost_write,1.62
2026-04-22T02:17:35.035,oss-04,ost_write,2.41
2026-04-22T02:17:36.072,oss-04,ost_write,1.52
2026-04-22T02:17:37.109,oss-04,ost_write,1.43
2026-04-22T02:17:38.146,oss-04,ost_write,1.06
2026-04-22T02:17:39.183,oss-04,ost_write,1.58
2026-04-22T02:17:40.220,oss-04,ost_write,1.41
2026-04-22T02:17:41.257,oss-04,ost_write,2.84
2026-04-22T02:17:42.294,oss-04,ost_write,1.49
2026-04-22T02:17:43.331,oss-04,ost_write,1.71
2026-04-22T02:17:44.368,oss-04,ost_write,2.36
2026-04-22T02:17:45.405,oss-04,ost_write,1.43
2026-04-22T02:17:46.442,oss-04,ost_write,2.64
2026-04-22T02:17:47.479,oss-04,ost_write,2.68
2026-04-22T02:17:48.516,oss-04,ost_write,6.18
2026-04-22T02:17:49.553,oss-04,ost_write,1.69
2026-04-22T02:17:50.590,oss-04,ost_write,0.99
2026-04-22T02:17:51.627,oss-04,ost_write,1.73
2026-04-22T02:17:52.664,oss-04,ost_write,2.36
2026-04-22T02:17:53.701,oss-04,ost_write,3.63
2026-04-22T02:17:54.738,oss-04,ost_write,2.65
2026-04-22T02:17:55.775,oss-04,ost_write,2.45
2026-04-22T02:17:56.812,oss-04,ost_write,2.84
2026-04-22T02:17:57.849,oss-04,ost_write,72.31
2026-04-22T02:17:58.886,oss-04,ost_write,1.24
2026-04-22T02:17:59.923,oss-04,ost_write,2.42
2026-04-22T02:18:00.960,oss-04,ost_write,1.89
2026-04-22T02:18:01.997,oss-04,ost_write,1.33
2026-04-22T02:18:02.034,oss-04,ost_write,2.03
2026-04-22T02:18:03.071,oss-04,ost_write,1.89
2026-04-22T02:18:04.108,oss-04,ost_write,4.80
2026-04-22T02:18:05.145,oss-04,ost_write,3.48
2026-04-22T02:18:06.182,oss-04,ost_write,60.27
2026-04-22T02:18:07.219,oss-04,ost_write,1.39
2026-04-22T02:18:08.256,oss-04,ost_write,1.72
2026-04-22T02:18:09.293,oss-04,ost_write,1.41
2026-04-22T02:18:10.330,oss-04,ost_write,1.82
2026-04-22T02:18:11.367,oss-04,ost_write,116.14
2026-04-22T02:18:12.404,oss-04,ost_write,1.00
2026-04-22T02:18:13.441,oss-04,ost_write,6.25
2026-04-22T02:18:14.478,oss-04,ost_write,3.57
2026-04-22T02:18:15.515,oss-04,ost_write,0.71
2026-04-22T02:18:16.552,oss-04,ost_write,95.18
2026-04-22T02:18:17.589,oss-04,ost_write,174.45
2026-04-22T02:18:18.626,oss-04,ost_write,157.64
2026-04-22T02:18:19.663,oss-04,ost_write,1.01
2026-04-22T02:18:20.700,oss-04,ost_write,2.20
2026-04-22T02:18:21.737,oss-04,ost_write,2.15
2026-04-22T02:18:22.774,oss-04,ost_write,1.50
2026-04-22T02:18:23.811,oss-04,ost_write,3.34
2026-04-22T02:18:24.848,oss-04,ost_write,2.28
2026-04-22T02:18:25.885,oss-04,ost_write,2.34
2026-04-22T02:18:26.922,oss-04,ost_write,2.88
2026-04-22T02:18:27.959,oss-04,ost_write,0.73
2026-04-22T02:18:28.996,oss-04,ost_write,1.58
2026-04-22T02:18:29.033,oss-04,ost_write,4.43
2026-04-22T02:18:30.070,oss-04,ost_write,1.27
2026-04-22T02:18:31.107,oss-04,ost_write,68.12
2026-04-22T02:18:32.144,oss-04,ost_write,2.16
2026-04-22T02:18:33.181,oss-04,ost_write,3.91
2026-04-22T02:18:34.218,oss-04,ost_write,3.79
2026-04-22T02:18:35.255,oss-04,ost_write,1.71
2026-04-22T02:18:36.292,oss-04,ost_write,2.67
2026-04-22T02:18:37.329,oss-04,ost_write,2.17
2026-04-22T02:18:38.366,oss-04,ost_write,6.38
2026-04-22T02:18:39.403,oss-04,ost_write,2.28
2026-04-22T02:18:40.440,oss-04,ost_write,1.54
2026-04-22T02:18:41.477,oss-04,ost_write,2.42
2026-04-22T02:18:42.514,oss-04,ost_write,57.86
2026-04-22T02:18:43.551,oss-04,ost_write,4.44
2026-04-22T02:18:44.588,oss-04,ost_write,4.08
2026-04-22T02:18:45.625,oss-04,ost_write,72.34
2026-04-22T02:18:46.662,oss-04,ost_write,1.37
2026-04-22T02:18:47.699,oss-04,ost_write,136.08
2026-04-22T02:18:48.736,oss-04,ost_write,2.25
2026-04-22T02:18:49.773,oss-04,ost_write,1.89
2026-04-22T02:18:50.810,oss-04,ost_write,1.45
2026-04-22T02:18:51.847,oss-04,ost_write,1.16
2026-04-22T02:18:52.884,oss-04,ost_write,1.55
2026-04-22T02:18:53.921,oss-04,ost_write,1.16
2026-04-22T02:18:54.958,oss-04,ost_write,1.37
2026-04-22T02:18:55.995,oss-04,ost_write,44.54
2026-04-22T02:18:56.032,oss-04,ost_write,2.01
2026-04-22T02:18:57.069,oss-04,ost_write,3.57
2026-04-22T02:18:58.106,oss-04,ost_write,3.94
2026-04-22T02:18:59.143,oss-04,ost_write,3.12
2026-04-22T02:19:00.180,oss-04,ost_write,2.04
2026-04-22T02:19:01.217,oss-04,ost_write,84.77
2026-04-22T02:19:02.254,oss-04,ost_write,3.48
2026-04-22T02:19:03.291,oss-04,ost_write,87.31
2026-04-22T02:19:04.328,oss-04,ost_write,2.88
2026-04-22T02:19:05.365,oss-04,ost_write,3.86
2026-04-22T02:19:06.402,oss-04,ost_write,1.19
2026-04-22T02:19:07.439,oss-04,ost_write,2.60
2026-04-22T02:19:08.476,oss-04,ost_write,51.87
2026-04-22T02:19:09.513,oss-04,ost_write,3.40
2026-04-22T02:19:10.550,oss-04,ost_write,1.15
2026-04-22T02:19:11.587,oss-04,ost_write,4.15
2026-04-22T02:19:12.624,oss-04,ost_write,1.45
2026-04-22T02:19:13.661,oss-04,ost_write,2.31
2026-04-22T02:19:14.698,oss-04,ost_write,1.25
2026-04-22T02:19:15.735,oss-04,ost_write,1.04
2026-04-22T02:19:16.772,oss-04,ost_write,3.80
2026-04-22T02:19:17.809,oss-04,ost_write,2.98
2026-04-22T02:19:18.846,oss-04,ost_write,1.53
2026-04-22T02:19:19.883,oss-04,ost_write,0.84
2026-04-22T02:19:20.920,oss-04,ost_write,3.37
2026-04-22T02:19:21.957,oss-04,ost_write,1.34
2026-04-22T02:19:22.994,oss-04,ost_write,1.00
2026-04-22T02:19:23.031,oss-04,ost_write,64.31
2026-04-22T02:19:24.068,oss-04,ost_write,1.33
2026-04-22T02:19:25.105,oss-04,ost_write,1.36
2026-04-22T02:19:26.142,oss-04,ost_write,1.50
2026-04-22T02:19:27.179,oss-04,ost_write,2.32
2026-04-22T02:19:28.216,oss-04,ost_write,2.70
2026-04-22T02:19:29.253,oss-04,ost_write,2.19
2026-04-22T02:19:30.290,oss-04,ost_write,2.32
2026-04-22T02:19:31.327,oss-04,ost_write,5.86
2026-04-22T02:19:32.364,oss-04,ost_write,1.55
2026-04-22T02:19:33.401,oss-04,ost_write,3.18
2026-04-22T02:19:34.438,oss-04,ost_write,0.87
2026-04-22T02:19:35.475,oss-04,ost_write,0.62
2026-04-22T02:19:36.512,oss-04,ost_write,1.75
2026-04-22T02:19:37.549,oss-04,ost_write,2.84
2026-04-22T02:19:38.586,oss-04,ost_write,6.29
2026-04-22T02:19:39.623,oss-04,ost_write,3.39
2026-04-22T02:19:40.660,oss-04,ost_write,3.07
2026-04-22T02:19:41.697,oss-04,ost_write,2.60
2026-04-22T02:19:42.734,oss-04,ost_write,4.11
2026-04-22T02:19:43.771,oss-04,ost_write,2.32
2026-04-22T02:19:44.808,oss-04,ost_write,1.51
2026-04-22T02:19:45.845,oss-04,ost_write,1.69
2026-04-22T02:19:46.882,oss-04,ost_write,2.84
2026-04-22T02:19:47.919,oss-04,ost_write,1.89
2026-04-22T02:19:48.956,oss-04,ost_write,0.93
2026-04-22T02:19:49.993,oss-04,ost_write,2.43
2026-04-22T02:19:50.030,oss-04,ost_write,2.36
2026-04-22T02:19:51.067,oss-04,ost_write,3.23
2026-04-22T02:19:52.104,oss-04,ost_write,2.01
2026-04-22T02:19:53.141,oss-04,ost_write,1.18
2026-04-22T02:19:54.178,oss-04,ost_write,4.22
2026-04-22T02:19:55.215,oss-04,ost_write,3.08
2026-04-22T02:19:56.252,oss-04,ost_write,1.04
2026-04-22T02:19:57.289,oss-04,ost_write,1.75
2026-04-22T02:19:58.326,oss-04,ost_write,1.87
2026-04-22T02:19:59.363,oss-04,ost_write,2.91
2026-04-22T02:20:00.400,oss-04,ost_write,6.59
2026-04-22T02:20:01.437,oss-04,ost_write,3.17
2026-04-22T02:20:02.474,oss-04,ost_write,3.44
2026-04-22T02:20:03.511,oss-04,ost_write,223.91
2026-04-22T02:20:04.548,oss-04,ost_write,0.82
2026-04-22T02:20:05.585,oss-04,ost_write,3.27
2026-04-22T02:20:06.622,oss-04,ost_write,1.19
2026-04-22T02:20:07.659,oss-04,ost_write,2.34
2026-04-22T02:20:08.696,oss-04,ost_write,0.79
2026-04-22T02:20:09.733,oss-04,ost_write,1.38
2026-04-22T02:20:10.770,oss-04,ost_write,2.02
2026-04-22T02:20:11.807,oss-04,ost_write,1.60
2026-04-22T02:20:12.844,oss-04,ost_write,1.92
2026-04-22T02:20:13.881,oss-04,ost_write,5.28
2026-04-22T02:20:14.918,oss-04,ost_write,2.93
2026-04-22T02:20:15.955,oss-04,ost_write,1.56
2026-04-22T02:20:16.992,oss-04,ost_write,2.66
2026-04-22T02:20:17.029,oss-04,ost_write,0.91
2026-04-22T02:20:18.066,oss-04,ost_write,3.73
2026-04-22T02:20:19.103,oss-04,ost_write,3.34
2026-04-22T02:20:20.140,oss-04,ost_write,5.09
2026-04-22T02:20:21.177,oss-04,ost_write,2.72
2026-04-22T02:20:22.214,oss-04,ost_write,2.36
2026-04-22T02:20:23.251,oss-04,ost_write,5.69
2026-04-22T02:20:24.288,oss-04,ost_write,0.83
2026-04-22T02:20:25.325,oss-04,ost_write,1.39
2026-04-22T02:20:26.362,oss-04,ost_write,4.75
2026-04-22T02:20:27.399,oss-04,ost_write,3.21
2026-04-22T02:20:28.436,oss-04,ost_write,1.36
2026-04-22T02:20:29.473,oss-04,ost_write,2.03
2026-04-22T02:20:30.510,oss-04,ost_write,0.91
2026-04-22T02:20:31.547,oss-04,ost_write,2.67
2026-04-22T02:20:32.584,oss-04,ost_write,2.73
2026-04-22T02:20:33.621,oss-04,ost_write,2.03
2026-04-22T02:20:34.658,oss-04,ost_write,2.44
2026-04-22T02:20:35.695,oss-04,ost_write,2.25
2026-04-22T02:20:36.732,oss-04,ost_write,1.83
2026-04-22T02:20:37.769,oss-04,ost_write,1.44
2026-04-22T02:20:38.806,oss-04,ost_write,1.41
2026-04-22T02:20:39.843,oss-04,ost_write,4.32
2026-04-22T02:20:40.880,oss-04,ost_write,3.04
2026-04-22T02:20:41.917,oss-04,ost_write,1.14
2026-04-22T02:20:42.954,oss-04,ost_write,1.60
2026-04-22T02:20:43.991,oss-04,ost_write,1.63
2026-04-22T02:20:44.028,oss-04,ost_write,44.13
2026-04-22T02:20:45.065,oss-04,ost_write,7.24
2026-04-22T02:20:46.102,oss-04,ost_write,3.21
2026-04-22T02:20:47.139,oss-04,ost_write,6.19
2026-04-22T02:20:48.176,oss-04,ost_write,2.57
2026-04-22T02:20:49.213,oss-04,ost_write,1.47
2026-04-22T02:20:50.250,oss-04,ost_write,1.69
2026-04-22T02:20:51.287,oss-04,ost_write,2.59
2026-04-22T02:20:52.324,oss-04,ost_write,3.83
2026-04-22T02:20:53.361,oss-04,ost_write,1.43
2026-04-22T02:20:54.398,oss-04,ost_write,4.33
2026-04-22T02:20:55.435,oss-04,ost_write,2.37
2026-04-22T02:20:56.472,oss-04,ost_write,3.99
2026-04-22T02:20:57.509,oss-04,ost_write,1.59
2026-04-22T02:20:58.546,oss-04,ost_write,2.58
2026-04-22T02:20:59.583,oss-04,ost_write,1.67
2026-04-22T02:21:00.620,oss-04,ost_write,2.37
2026-04-22T02:21:01.657,oss-04,ost_write,1.12
2026-04-22T02:21:02.694,oss-04,ost_write,2.01
2026-04-22T02:21:03.731,oss-04,ost_write,103.68
2026-04-22T02:21:04.768,oss-04,ost_write,65.58
2026-04-22T02:21:05.805,oss-04,ost_write,1.99
2026-04-22T02:21:06.842,oss-04,ost_write,2.10
2026-04-22T02:21:07.879,oss-04,ost_write,1.48
2026-04-22T02:21:08.916,oss-04,ost_write,2.04
2026-04-22T02:21:09.953,oss-04,ost_write,2.31
2026-04-22T02:21:10.990,oss-04,ost_write,1.61
2026-04-22T02:21:11.027,oss-04,ost_write,3.11
2026-04-22T02:21:12.064,oss-04,ost_write,2.68
2026-04-22T02:21:13.101,oss-04,ost_write,0.82
2026-04-22T02:21:14.138,oss-04,ost_write,1.83
2026-04-22T02:21:15.175,oss-04,ost_write,2.11
2026-04-22T02:21:16.212,oss-04,ost_write,4.55
2026-04-22T02:21:17.249,oss-04,ost_write,0.51
2026-04-22T02:21:18.286,oss-04,ost_write,178.00
2026-04-22T02:21:19.323,oss-04,ost_write,2.55
2026-04-22T02:21:20.360,oss-04,ost_write,2.73
2026-04-22T02:21:21.397,oss-04,ost_write,1.52
2026-04-22T02:21:22.434,oss-04,ost_write,3.48
2026-04-22T02:21:23.471,oss-04,ost_write,0.81
2026-04-22T02:21:24.508,oss-04,ost_write,2.00
2026-04-22T02:21:25.545,oss-04,ost_write,1.03
2026-04-22T02:21:26.582,oss-04,ost_write,1.31
2026-04-22T02:21:27.619,oss-04,ost_write,5.81
2026-04-22T02:21:28.656,oss-04,ost_write,4.42
2026-04-22T02:21:29.693,oss-04,ost_write,112.63
2026-04-22T02:21:30.730,oss-04,ost_write,1.20
2026-04-22T02:21:31.767,oss-04,ost_write,1.89
2026-04-22T02:21:32.804,oss-04,ost_write,4.13
2026-04-22T02:21:33.841,oss-04,ost_write,2.01
2026-04-22T02:21:34.878,oss-04,ost_write,1.75
2026-04-22T02:21:35.915,oss-04,ost_write,4.27
2026-04-22T02:21:36.952,oss-04,ost_write,1.73
2026-04-22T02:21:37.989,oss-04,ost_write,3.50
2026-04-22T02:21:38.026,oss-04,ost_write,5.39
2026-04-22T02:21:39.063,oss-04,ost_write,1.18
2026-04-22T02:21:40.100,oss-04,ost_write,2.10
2026-04-22T02:21:41.137,oss-04,ost_write,3.84
2026-04-22T02:21:42.174,oss-04,ost_write,3.22
2026-04-22T02:21:43.211,oss-04,ost_write,1.63
2026-04-22T02:21:44.248,oss-04,ost_write,1.27
2026-04-22T02:21:45.285,oss-04,ost_write,111.90
2026-04-22T02:21:46.322,oss-04,ost_write,2.28
2026-04-22T02:21:47.359,oss-04,ost_write,2.22
2026-04-22T02:21:48.396,oss-04,ost_write,1.10
2026-04-22T02:21:49.433,oss-04,ost_write,1.32
2026-04-22T02:21:50.470,oss-04,ost_write,2.17
2026-04-22T02:21:51.507,oss-04,ost_write,3.41
2026-04-22T02:21:52.544,oss-04,ost_write,3.00
2026-04-22T02:21:53.581,oss-04,ost_write,3.02
2026-04-22T02:21:54.618,oss-04,ost_write,57.87
2026-04-22T02:21:55.655,oss-04,ost_write,0.82
2026-04-22T02:21:56.692,oss-04,ost_write,1.74
2026-04-22T02:21:57.729,oss-04,ost_write,2.69
2026-04-22T02:21:58.766,oss-04,ost_write,2.18
2026-04-22T02:21:59.803,oss-04,ost_write,1.18
2026-04-22T02:22:00.840,oss-04,ost_write,2.89
2026-04-22T02:22:01.877,oss-04,ost_write,0.85
2026-04-22T02:22:02.914,oss-04,ost_write,6.66
2026-04-22T02:22:03.951,oss-04,ost_write,2.55
2026-04-22T02:22:04.988,oss-04,ost_write,1.21
2026-04-22T02:22:05.025,oss-04,ost_write,3.89
2026-04-22T02:22:06.062,oss-04,ost_write,174.65
2026-04-22T02:22:07.099,oss-04,ost_write,1.43
2026-04-22T02:22:08.136,oss-04,ost_write,1.34
2026-04-22T02:22:09.173,oss-04,ost_write,2.10
2026-04-22T02:22:10.210,oss-04,ost_write,2.83
2026-04-22T02:22:11.247,oss-04,ost_write,1.33
2026-04-22T02:22:12.284,oss-04,ost_write,2.52
2026-04-22T02:22:13.321,oss-04,ost_write,116.22
2026-04-22T02:22:14.358,oss-04,ost_write,2.30
2026-04-22T02:22:15.395,oss-04,ost_write,2.45
2026-04-22T02:22:16.432,oss-04,ost_write,1.66
2026-04-22T02:22:17.469,oss-04,ost_write,1.32
2026-04-22T02:22:18.506,oss-04,ost_write,0.58
2026-04-22T02:22:19.543,oss-04,ost_write,1.45
2026-04-22T02:22:20.580,oss-04,ost_write,1.72
2026-04-22T02:22:21.617,oss-04,ost_write,2.00
2026-04-22T02:22:22.654,oss-04,ost_write,35.58
2026-04-22T02:22:23.691,oss-04,ost_write,1.17
2026-04-22T02:22:24.728,oss-04,ost_write,5.62
2026-04-22T02:22:25.765,oss-04,ost_write,63.78
2026-04-22T02:22:26.802,oss-04,ost_write,58.07
2026-04-22T02:22:27.839,oss-04,ost_write,1.15
2026-04-22T02:22:28.876,oss-04,ost_write,1.31
2026-04-22T02:22:29.913,oss-04,ost_write,3.24
2026-04-22T02:22:30.950,oss-04,ost_write,4.62
2026-04-22T02:22:31.987,oss-04,ost_write,54.60
2026-04-22T02:22:32.024,oss-04,ost_write,6.10
2026-04-22T02:22:33.061,oss-04,ost_write,1.45
2026-04-22T02:22:34.098,oss-04,ost_write,3.03
2026-04-22T02:22:35.135,oss-04,ost_write,2.97
2026-04-22T02:22:36.172,oss-04,ost_write,4.65
2026-04-22T02:22:37.209,oss-04,ost_write,4.99
2026-04-22T02:22:38.246,oss-04,ost_write,2.52
2026-04-22T02:22:39.283,oss-04,ost_write,2.43
2026-04-22T02:22:40.320,oss-04,ost_write,6.47
2026-04-22T02:22:41.357,oss-04,ost_write,1.12
2026-04-22T02:22:42.394,oss-04,ost_write,1.33
2026-04-22T02:22:43.431,oss-04,ost_write,1.86
2026-04-22T02:22:44.468,oss-04,ost_write,2.31
2026-04-22T02:22:45.505,oss-04,ost_write,115.12
2026-04-22T02:22:46.542,oss-04,ost_write,7.90
2026-04-22T02:22:47.579,oss-04,ost_write,1.04
2026-04-22T02:22:48.616,oss-04,ost_write,127.63
2026-04-22T02:22:49.653,oss-04,ost_write,3.19
2026-04-22T02:22:50.690,oss-04,ost_write,2.84
2026-04-22T02:22:51.727,oss-04,ost_write,2.15
2026-04-22T02:22:52.764,oss-04,ost_write,5.88
2026-04-22T02:22:53.801,oss-04,ost_write,1.29
2026-04-22T02:22:54.838,oss-04,ost_write,32.53
2026-04-22T02:22:55.875,oss-04,ost_write,3.13
2026-04-22T02:22:56.912,oss-04,ost_write,1.16
2026-04-22T02:22:57.949,oss-04,ost_write,30.73
2026-04-22T02:22:58.986,oss-04,ost_write,0.60
2026-04-22T02:22:59.023,oss-04,ost_write,0.66
2026-04-22T02:23:00.060,oss-04,ost_write,3.87
2026-04-22T02:23:01.097,oss-04,ost_write,2.93
2026-04-22T02:23:02.134,oss-04,ost_write,3.38
2026-04-22T02:23:03.171,oss-04,ost_write,3.24
2026-04-22T02:23:04.208,oss-04,ost_write,1.51
2026-04-22T02:23:05.245,oss-04,ost_write,1.26
2026-04-22T02:23:06.282,oss-04,ost_write,4.64
2026-04-22T02:23:07.319,oss-04,ost_write,2.54
2026-04-22T02:23:08.356,oss-04,ost_write,1.95
2026-04-22T02:23:09.393,oss-04,ost_write,0.97
2026-04-22T02:23:10.430,oss-04,ost_write,2.13
2026-04-22T02:23:11.467,oss-04,ost_write,3.03
2026-04-22T02:23:12.504,oss-04,ost_write,1.09
2026-04-22T02:23:13.541,oss-04,ost_write,1.50
2026-04-22T02:23:14.578,oss-04,ost_write,1.93
2026-04-22T02:23:15.615,oss-04,ost_write,5.94
2026-04-22T02:23:16.652,oss-04,ost_write,2.09
2026-04-22T02:23:17.689,oss-04,ost_write,3.58
2026-04-22T02:23:18.726,oss-04,ost_write,1.85
2026-04-22T02:23:19.763,oss-04,ost_write,3.84
2026-04-22T02:23:20.800,oss-04,ost_write,142.60
2026-04-22T02:23:21.837,oss-04,ost_write,2.19
2026-04-22T02:23:22.874,oss-04,ost_write,2.18
2026-04-22T02:23:23.911,oss-04,ost_write,1.78
2026-04-22T02:23:24.948,oss-04,ost_write,3.18
2026-04-22T02:23:25.985,oss-04,ost_write,4.07
2026-04-22T02:23:26.022,oss-04,ost_write,5.43
2026-04-22T02:23:27.059,oss-04,ost_write,192.62
2026-04-22T02:23:28.096,oss-04,ost_write,1.04
2026-04-22T02:23:29.133,oss-04,ost_write,1.62
2026-04-22T02:23:30.170,oss-04,ost_write,1.22
2026-04-22T02:23:31.207,oss-04,ost_write,1.08
2026-04-22T02:23:32.244,oss-04,ost_write,0.96
2026-04-22T02:23:33.281,oss-04,ost_write,2.09
2026-04-22T02:23:34.318,oss-04,ost_write,1.27
2026-04-22T02:23:35.355,oss-04,ost_write,86.31
2026-04-22T02:23:36.392,oss-04,ost_write,3.43
2026-04-22T02:23:37.429,oss-04,ost_write,3.82
2026-04-22T02:23:38.466,oss-04,ost_write,90.31
2026-04-22T02:23:39.503,oss-04,ost_write,48.00
2026-04-22T02:23:40.540,oss-04,ost_write,1.49
2026-04-22T02:23:41.577,oss-04,ost_write,4.13
2026-04-22T02:23:42.614,oss-04,ost_write,2.98
2026-04-22T02:23:43.651,oss-04,ost_write,3.42
2026-04-22T02:23:44.688,oss-04,ost_write,3.70
2026-04-22T02:23:45.725,oss-04,ost_write,1.23
2026-04-22T02:23:46.762,oss-04,ost_write,2.20
2026-04-22T02:23:47.799,oss-04,ost_write,0.85
2026-04-22T02:23:48.836,oss-04,ost_write,4.04
2026-04-22T02:23:49.873,oss-04,ost_write,68.12
2026-04-22T02:23:50.910,oss-04,ost_write,94.56
2026-04-22T02:23:51.947,oss-04,ost_write,133.85
2026-04-22T02:23:52.984,oss-04,ost_write,3.01
2026-04-22T02:23:53.021,oss-04,ost_write,106.62
2026-04-22T02:23:54.058,oss-04,ost_write,1.33
2026-04-22T02:23:55.095,oss-04,ost_write,2.00
2026-04-22T02:23:56.132,oss-04,ost_write,4.28
2026-04-22T02:23:57.169,oss-04,ost_write,1.70
2026-04-22T02:23:58.206,oss-04,ost_write,2.95
2026-04-22T02:23:59.243,oss-04,ost_write,1.39
2026-04-22T02:24:00.280,oss-04,ost_write,0.92
2026-04-22T02:24:01.317,oss-04,ost_write,2.58
2026-04-22T02:24:02.354,oss-04,ost_write,2.83
2026-04-22T02:24:03.391,oss-04,ost_write,1.60
2026-04-22T02:24:04.428,oss-04,ost_write,1.38
2026-04-22T02:24:05.465,oss-04,ost_write,65.14
2026-04-22T02:24:06.502,oss-04,ost_write,2.41
2026-04-22T02:24:07.539,oss-04,ost_write,91.21
2026-04-22T02:24:08.576,oss-04,ost_write,1.72
2026-04-22T02:24:09.613,oss-04,ost_write,1.94
2026-04-22T02:24:10.650,oss-04,ost_write,1.50
2026-04-22T02:24:11.687,oss-04,ost_write,1.00
2026-04-22T02:24:12.724,oss-04,ost_write,2.79
2026-04-22T02:24:13.761,oss-04,ost_write,2.12
2026-04-22T02:24:14.798,oss-04,ost_write,1.14
2026-04-22T02:24:15.835,oss-04,ost_write,2.44
2026-04-22T02:24:16.872,oss-04,ost_write,3.95
2026-04-22T02:24:17.909,oss-04,ost_write,0.82
2026-04-22T02:24:18.946,oss-04,ost_write,1.78
2026-04-22T02:24:19.983,oss-04,ost_write,5.00
2026-04-22T02:24:20.020,oss-04,ost_write,1.93
2026-04-22T02:24:21.057,oss-04,ost_write,3.37
2026-04-22T02:24:22.094,oss-04,ost_write,2.34
2026-04-22T02:24:23.131,oss-04,ost_write,2.96
2026-04-22T02:24:24.168,oss-04,ost_write,50.66
2026-04-22T02:24:25.205,oss-04,ost_write,1.09
2026-04-22T02:24:26.242,oss-04,ost_write,94.31
2026-04-22T02:24:27.279,oss-04,ost_write,1.90
2026-04-22T02:24:28.316,oss-04,ost_write,4.46
2026-04-22T02:24:29.353,oss-04,ost_write,1.05
2026-04-22T02:24:30.390,oss-04,ost_write,0.84
2026-04-22T02:24:31.427,oss-04,ost_write,43.81
2026-04-22T02:24:32.464,oss-04,ost_write,5.48
2026-04-22T02:24:33.501,oss-04,ost_write,0.59
2026-04-22T02:24:34.538,oss-04,ost_write,2.22
2026-04-22T02:24:35.575,oss-04,ost_write,1.13
2026-04-22T02:24:36.612,oss-04,ost_write,3.09
2026-04-22T02:24:37.649,oss-04,ost_write,2.94
2026-04-22T02:24:38.686,oss-04,ost_write,1.53
2026-04-22T02:24:39.723,oss-04,ost_write,1.66
2026-04-22T02:24:40.760,oss-04,ost_write,3.73
2026-04-22T02:24:41.797,oss-04,ost_write,1.70
2026-04-22T02:24:42.834,oss-04,ost_write,1.46
2026-04-22T02:24:43.871,oss-04,ost_write,2.83
2026-04-22T02:24:44.908,oss-04,ost_write,1.86
2026-04-22T02:24:45.945,oss-04,ost_write,2.04
2026-04-22T02:24:46.982,oss-04,ost_write,1.73
2026-04-22T02:24:47.019,oss-04,ost_write,2.29
2026-04-22T02:24:48.056,oss-04,ost_write,1.80
2026-04-22T02:24:49.093,oss-04,ost_write,4.10
2026-04-22T02:24:50.130,oss-04,ost_write,62.74
2026-04-22T02:24:51.167,oss-04,ost_write,2.53
2026-04-22T02:24:52.204,oss-04,ost_write,0.74
2026-04-22T02:24:53.241,oss-04,ost_write,3.29
2026-04-22T02:24:54.278,oss-04,ost_write,1.33
2026-04-22T02:24:55.315,oss-04,ost_write,1.32
2026-04-22T02:24:56.352,oss-04,ost_write,2.24
2026-04-22T02:24:57.389,oss-04,ost_write,1.18
2026-04-22T02:24:58.426,oss-04,ost_write,2.61
2026-04-22T02:24:59.463,oss-04,ost_write,3.46
2026-04-22T02:25:00.500,oss-04,ost_write,1.96
2026-04-22T02:25:01.537,oss-04,ost_write,0.63
2026-04-22T02:25:02.574,oss-04,ost_write,107.22
2026-04-22T02:25:03.611,oss-04,ost_write,0.96
2026-04-22T02:25:04.648,oss-04,ost_write,143.07
2026-04-22T02:25:05.685,oss-04,ost_write,0.79
2026-04-22T02:25:06.722,oss-04,ost_write,2.51
2026-04-22T02:25:07.759,oss-04,ost_write,1.19
2026-04-22T02:25:08.796,oss-04,ost_write,1.38
2026-04-22T02:25:09.833,oss-04,ost_write,1.04
2026-04-22T02:25:10.870,oss-04,ost_write,1.20
2026-04-22T02:25:11.907,oss-04,ost_write,1.99
2026-04-22T02:25:12.944,oss-04,ost_write,2.30
2026-04-22T02:25:13.981,oss-04,ost_write,106.16
2026-04-22T02:25:14.018,oss-04,ost_write,55.17
2026-04-22T02:25:15.055,oss-04,ost_write,0.78
2026-04-22T02:25:16.092,oss-04,ost_write,132.55
2026-04-22T02:25:17.129,oss-04,ost_write,2.88
2026-04-22T02:25:18.166,oss-04,ost_write,1.72
2026-04-22T02:25:19.203,oss-04,ost_write,1.27
2026-04-22T02:25:20.240,oss-04,ost_write,1.61
2026-04-22T02:25:21.277,oss-04,ost_write,3.38
2026-04-22T02:25:22.314,oss-04,ost_write,44.29
2026-04-22T02:25:23.351,oss-04,ost_write,1.64
2026-04-22T02:25:24.388,oss-04,ost_write,2.38
2026-04-22T02:25:25.425,oss-04,ost_write,1.22
2026-04-22T02:25:26.462,oss-04,ost_write,1.01
2026-04-22T02:25:27.499,oss-04,ost_write,0.95
2026-04-22T02:25:28.536,oss-04,ost_write,1.05
2026-04-22T02:25:29.573,oss-04,ost_write,3.02
2026-04-22T02:25:30.610,oss-04,ost_write,1.77
2026-04-22T02:25:31.647,oss-04,ost_write,2.50
2026-04-22T02:25:32.684,oss-04,ost_write,1.26
2026-04-22T02:25:33.721,oss-04,ost_write,2.27
2026-04-22T02:25:34.758,oss-04,ost_write,4.06
2026-04-22T02:25:35.795,oss-04,ost_write,2.81
2026-04-22T02:25:36.832,oss-04,ost_write,2.70
2026-04-22T02:25:37.869,oss-04,ost_write,4.47
2026-04-22T02:25:38.906,oss-04,ost_write,2.20
2026-04-22T02:25:39.943,oss-04,ost_write,2.91
2026-04-22T02:25:40.980,oss-04,ost_write,3.10
2026-04-22T02:25:41.017,oss-04,ost_write,2.14
2026-04-22T02:25:42.054,oss-04,ost_write,1.54
2026-04-22T02:25:43.091,oss-04,ost_write,1.96
2026-04-22T02:25:44.128,oss-04,ost_write,1.13
2026-04-22T02:25:45.165,oss-04,ost_write,2.15
2026-04-22T02:25:46.202,oss-04,ost_write,3.04
2026-04-22T02:25:47.239,oss-04,ost_write,4.39
2026-04-22T02:25:48.276,oss-04,ost_write,3.21
2026-04-22T02:25:49.313,oss-04,ost_write,2.33
2026-04-22T02:25:50.350,oss-04,ost_write,1.84
2026-04-22T02:25:51.387,oss-04,ost_write,1.84
2026-04-22T02:25:52.424,oss-04,ost_write,3.20
2026-04-22T02:25:53.461,oss-04,ost_write,164.75
2026-04-22T02:25:54.498,oss-04,ost_write,1.44
2026-04-22T02:25:55.535,oss-04,ost_write,1.29
2026-04-22T02:25:56.572,oss-04,ost_write,3.31
2026-04-22T02:25:57.609,oss-04,ost_write,5.08
2026-04-22T02:25:58.646,oss-04,ost_write,3.57
2026-04-22T02:25:59.683,oss-04,ost_write,115.76
2026-04-22T02:26:00.720,oss-04,ost_write,1.27
2026-04-22T02:26:01.757,oss-04,ost_write,42.78
2026-04-22T02:26:02.794,oss-04,ost_write,1.08
2026-04-22T02:26:03.831,oss-04,ost_write,2.41
2026-04-22T02:26:04.868,oss-04,ost_write,1.17
2026-04-22T02:26:05.905,oss-04,ost_write,239.26
2026-04-22T02:26:06.942,oss-04,ost_write,2.55
2026-04-22T02:26:07.979,oss-04,ost_write,1.22
2026-04-22T02:26:08.016,oss-04,ost_write,1.36
2026-04-22T02:26:09.053,oss-04,ost_write,2.56
2026-04-22T02:26:10.090,oss-04,ost_write,1.95
2026-04-22T02:26:11.127,oss-04,ost_write,1.72
2026-04-22T02:26:12.164,oss-04,ost_write,1.90
2026-04-22T02:26:13.201,oss-04,ost_write,2.49
2026-04-22T02:26:14.238,oss-04,ost_write,1.66
2026-04-22T02:26:15.275,oss-04,ost_write,3.91
2026-04-22T02:26:16.312,oss-04,ost_write,2.94
2026-04-22T02:26:17.349,oss-04,ost_write,53.30
2026-04-22T02:26:18.386,oss-04,ost_write,0.77
2026-04-22T02:26:19.423,oss-04,ost_write,2.67
2026-04-22T02:26:20.460,oss-04,ost_write,2.49
2026-04-22T02:26:21.497,oss-04,ost_write,1.30
2026-04-22T02:26:22.534,oss-04,ost_write,1.28
2026-04-22T02:26:23.571,oss-04,ost_write,1.67
2026-04-22T02:26:24.608,oss-04,ost_write,3.42
2026-04-22T02:26:25.645,oss-04,ost_write,3.29
2026-04-22T02:26:26.682,oss-04,ost_write,2.20
2026-04-22T02:26:27.719,oss-04,ost_write,0.93
2026-04-22T02:26:28.756,oss-04,ost_write,4.05
2026-04-22T02:26:29.793,oss-04,ost_write,3.61
2026-04-22T02:26:30.830,oss-04,ost_write,2.18
2026-04-22T02:26:31.867,oss-04,ost_write,1.72
2026-04-22T02:26:32.904,oss-04,ost_write,2.03
2026-04-22T02:26:33.941,oss-04,ost_write,83.71
2026-04-22T02:26:34.978,oss-04,ost_write,2.17
2026-04-22T02:26:35.015,oss-04,ost_write,2.55
2026-04-22T02:26:36.052,oss-04,ost_write,2.52
2026-04-22T02:26:37.089,oss-04,ost_write,7.43
2026-04-22T02:26:38.126,oss-04,ost_write,2.43
2026-04-22T02:26:39.163,oss-04,ost_write,1.53
2026-04-22T02:26:40.200,oss-04,ost_write,2.70
2026-04-22T02:26:41.237,oss-04,ost_write,0.70
2026-04-22T02:26:42.274,oss-04,ost_write,3.55
2026-04-22T02:26:43.311,oss-04,ost_write,3.75
2026-04-22T02:26:44.348,oss-04,ost_write,0.64
2026-04-22T02:26:45.385,oss-04,ost_write,1.77
2026-04-22T02:26:46.422,oss-04,ost_write,3.12
2026-04-22T02:26:47.459,oss-04,ost_write,1.12
2026-04-22T02:26:48.496,oss-04,ost_write,184.64
2026-04-22T02:26:49.533,oss-04,ost_write,1.24
2026-04-22T02:26:50.570,oss-04,ost_write,2.59
2026-04-22T02:26:51.607,oss-04,ost_write,4.18
2026-04-22T02:26:52.644,oss-04,ost_write,62.76
2026-04-22T02:26:53.681,oss-04,ost_write,1.28
2026-04-22T02:26:54.718,oss-04,ost_write,2.93
2026-04-22T02:26:55.755,oss-04,ost_write,3.13
2026-04-22T02:26:56.792,oss-04,ost_write,2.75
2026-04-22T02:26:57.829,oss-04,ost_write,2.82
2026-04-22T02:26:58.866,oss-04,ost_write,2.67
2026-04-22T02:26:59.903,oss-04,ost_write,3.10
2026-04-22T02:27:00.940,oss-04,ost_write,4.68
2026-04-22T02:27:01.977,oss-04,ost_write,1.61
2026-04-22T02:27:02.014,oss-04,ost_write,4.02
2026-04-22T02:27:03.051,oss-04,ost_write,1.27
2026-04-22T02:27:04.088,oss-04,ost_write,2.33
2026-04-22T02:27:05.125,oss-04,ost_write,1.83
2026-04-22T02:27:06.162,oss-04,ost_write,2.06
2026-04-22T02:27:07.199,oss-04,ost_write,95.45
2026-04-22T02:27:08.236,oss-04,ost_write,1.55
2026-04-22T02:27:09.273,oss-04,ost_write,1.47
2026-04-22T02:27:10.310,oss-04,ost_write,9.71
2026-04-22T02:27:11.347,oss-04,ost_write,0.66
2026-04-22T02:27:12.384,oss-04,ost_write,83.88
2026-04-22T02:27:13.421,oss-04,ost_write,2.30
2026-04-22T02:27:14.458,oss-04,ost_write,4.77
2026-04-22T02:27:15.495,oss-04,ost_write,3.28
2026-04-22T02:27:16.532,oss-04,ost_write,77.83
2026-04-22T02:27:17.569,oss-04,ost_write,3.50
2026-04-22T02:27:18.606,oss-04,ost_write,1.31
2026-04-22T02:27:19.643,oss-04,ost_write,2.62
2026-04-22T02:27:20.680,oss-04,ost_write,1.77
2026-04-22T02:27:21.717,oss-04,ost_write,4.59
2026-04-22T02:27:22.754,oss-04,ost_write,1.51
2026-04-22T02:27:23.791,oss-04,ost_write,1.30
2026-04-22T02:27:24.828,oss-04,ost_write,1.08
2026-04-22T02:27:25.865,oss-04,ost_write,3.31
2026-04-22T02:27:26.902,oss-04,ost_write,1.79
2026-04-22T02:27:27.939,oss-04,ost_write,92.08
2026-04-22T02:27:28.976,oss-04,ost_write,1.51
2026-04-22T02:27:29.013,oss-04,ost_write,1.35
2026-04-22T02:27:30.050,oss-04,ost_write,0.58
2026-04-22T02:27:31.087,oss-04,ost_write,3.06
2026-04-22T02:27:32.124,oss-04,ost_write,109.31
2026-04-22T02:27:33.161,oss-04,ost_write,0.85
2026-04-22T02:27:34.198,oss-04,ost_write,2.65
2026-04-22T02:27:35.235,oss-04,ost_write,1.79
2026-04-22T02:27:36.272,oss-04,ost_write,2.85
2026-04-22T02:27:37.309,oss-04,ost_write,1.70
2026-04-22T02:27:38.346,oss-04,ost_write,6.37
2026-04-22T02:27:39.383,oss-04,ost_write,1.38
2026-04-22T02:27:40.420,oss-04,ost_write,107.72
2026-04-22T02:27:41.457,oss-04,ost_write,0.54
2026-04-22T02:27:42.494,oss-04,ost_write,2.57
2026-04-22T02:27:43.531,oss-04,ost_write,1.69
2026-04-22T02:27:44.568,oss-04,ost_write,94.49
2026-04-22T02:27:45.605,oss-04,ost_write,7.96
2026-04-22T02:27:46.642,oss-04,ost_write,6.26
2026-04-22T02:27:47.679,oss-04,ost_write,58.62
2026-04-22T02:27:48.716,oss-04,ost_write,1.54
2026-04-22T02:27:49.753,oss-04,ost_write,2.37
2026-04-22T02:27:50.790,oss-04,ost_write,1.20
2026-04-22T02:27:51.827,oss-04,ost_write,5.53
2026-04-22T02:27:52.864,oss-04,ost_write,1.57
2026-04-22T02:27:53.901,oss-04,ost_write,1.83
2026-04-22T02:27:54.938,oss-04,ost_write,1.74
2026-04-22T02:27:55.975,oss-04,ost_write,1.01
2026-04-22T02:27:56.012,oss-04,ost_write,68.88
2026-04-22T02:27:57.049,oss-04,ost_write,3.87
2026-04-22T02:27:58.086,oss-04,ost_write,6.34
2026-04-22T02:27:59.123,oss-04,ost_write,2.85
2026-04-22T02:28:00.160,oss-04,ost_write,0.65
2026-04-22T02:28:01.197,oss-04,ost_write,107.64
2026-04-22T02:28:02.234,oss-04,ost_write,1.31
2026-04-22T02:28:03.271,oss-04,ost_write,0.81
2026-04-22T02:28:04.308,oss-04,ost_write,3.53
2026-04-22T02:28:05.345,oss-04,ost_write,1.81
2026-04-22T02:28:06.382,oss-04,ost_write,0.68
2026-04-22T02:28:07.419,oss-04,ost_write,3.23
2026-04-22T02:28:08.456,oss-04,ost_write,3.11
2026-04-22T02:28:09.493,oss-04,ost_write,1.45
2026-04-22T02:28:10.530,oss-04,ost_write,1.45
2026-04-22T02:28:11.567,oss-04,ost_write,1.59
2026-04-22T02:28:12.604,oss-04,ost_write,1.98
2026-04-22T02:28:13.641,oss-04,ost_write,2.13
2026-04-22T02:28:14.678,oss-04,ost_write,130.43
2026-04-22T02:28:15.715,oss-04,ost_write,2.98
2026-04-22T02:28:16.752,oss-04,ost_write,3.92
2026-04-22T02:28:17.789,oss-04,ost_write,3.26
2026-04-22T02:28:18.826,oss-04,ost_write,4.64
2026-04-22T02:28:19.863,oss-04,ost_write,2.46
2026-04-22T02:28:20.900,oss-04,ost_write,1.60
2026-04-22T02:28:21.937,oss-04,ost_write,2.51
2026-04-22T02:28:22.974,oss-04,ost_write,2.71
2026-04-22T02:28:23.011,oss-04,ost_write,53.14
2026-04-22T02:28:24.048,oss-04,ost_write,105.23
2026-04-22T02:28:25.085,oss-04,ost_write,5.66
2026-04-22T02:28:26.122,oss-04,ost_write,105.23
2026-04-22T02:28:27.159,oss-04,ost_write,2.31
2026-04-22T02:28:28.196,oss-04,ost_write,2.79
2026-04-22T02:28:29.233,oss-04,ost_write,1.89
2026-04-22T02:28:30.270,oss-04,ost_write,1.58
2026-04-22T02:28:31.307,oss-04,ost_write,50.64
2026-04-22T02:28:32.344,oss-04,ost_write,202.54
2026-04-22T02:28:33.381,oss-04,ost_write,1.41
2026-04-22T02:28:34.418,oss-04,ost_write,2.26
2026-04-22T02:28:35.455,oss-04,ost_write,2.04
2026-04-22T02:28:36.492,oss-04,ost_write,1.61
2026-04-22T02:28:37.529,oss-04,ost_write,1.90
2026-04-22T02:28:38.566,oss-04,ost_write,1.67
2026-04-22T02:28:39.603,oss-04,ost_write,1.59
2026-04-22T02:28:40.640,oss-04,ost_write,2.96
2026-04-22T02:28:41.677,oss-04,ost_write,2.64
2026-04-22T02:28:42.714,oss-04,ost_write,185.26
2026-04-22T02:28:43.751,oss-04,ost_write,2.08
2026-04-22T02:28:44.788,oss-04,ost_write,2.78
2026-04-22T02:28:45.825,oss-04,ost_write,1.16
2026-04-22T02:28:46.862,oss-04,ost_write,1.63
2026-04-22T02:28:47.899,oss-04,ost_write,2.02
2026-04-22T02:28:48.936,oss-04,ost_write,1.81
2026-04-22T02:28:49.973,oss-04,ost_write,3.41
2026-04-22T02:28:50.010,oss-04,ost_write,3.44
2026-04-22T02:28:51.047,oss-04,ost_write,3.32
2026-04-22T02:28:52.084,oss-04,ost_write,5.75
2026-04-22T02:28:53.121,oss-04,ost_write,1.00
2026-04-22T02:28:54.158,oss-04,ost_write,1.17
2026-04-22T02:28:55.195,oss-04,ost_write,1.50
2026-04-22T02:28:56.232,oss-04,ost_write,4.95
2026-04-22T02:28:57.269,oss-04,ost_write,1.46
2026-04-22T02:28:58.306,oss-04,ost_write,1.15
2026-04-22T02:28:59.343,oss-04,ost_write,1.81
2026-04-22T02:29:00.380,oss-04,ost_write,1.03
2026-04-22T02:29:01.417,oss-04,ost_write,4.95
2026-04-22T02:29:02.454,oss-04,ost_write,2.73
2026-04-22T02:29:03.491,oss-04,ost_write,3.55
2026-04-22T02:29:04.528,oss-04,ost_write,2.55
2026-04-22T02:29:05.565,oss-04,ost_write,1.87
2026-04-22T02:29:06.602,oss-04,ost_write,1.32
2026-04-22T02:29:07.639,oss-04,ost_write,15.22
2026-04-22T02:29:08.676,oss-04,ost_write,3.34
2026-04-22T02:29:09.713,oss-04,ost_write,1.47
2026-04-22T02:29:10.750,oss-04,ost_write,3.71
2026-04-22T02:29:11.787,oss-04,ost_write,3.86
2026-04-22T02:29:12.824,oss-04,ost_write,1.79
2026-04-22T02:29:13.861,oss-04,ost_write,55.98
2026-04-22T02:29:14.898,oss-04,ost_write,1.45
2026-04-22T02:29:15.935,oss-04,ost_write,3.07
2026-04-22T02:29:16.972,oss-04,ost_write,1.86
2026-04-22T02:29:17.009,oss-04,ost_write,1.60
2026-04-22T02:29:18.046,oss-04,ost_write,1.40
2026-04-22T02:29:19.083,oss-04,ost_write,1.30
2026-04-22T02:29:20.120,oss-04,ost_write,91.52
2026-04-22T02:29:21.157,oss-04,ost_write,1.26
2026-04-22T02:29:22.194,oss-04,ost_write,18.92
2026-04-22T02:29:23.231,oss-04,ost_write,3.41
2026-04-22T02:29:24.268,oss-04,ost_write,3.93
2026-04-22T02:29:25.305,oss-04,ost_write,1.46
2026-04-22T02:29:26.342,oss-04,ost_write,1.94
2026-04-22T02:29:27.379,oss-04,ost_write,6.04
2026-04-22T02:29:28.416,oss-04,ost_write,1.51
2026-04-22T02:29:29.453,oss-04,ost_write,1.62
2026-04-22T02:29:30.490,oss-04,ost_write,1.52
2026-04-22T02:29:31.527,oss-04,ost_write,1.77
2026-04-22T02:29:32.564,oss-04,ost_write,2.89
2026-04-22T02:29:33.601,oss-04,ost_write,1.19
2026-04-22T02:29:34.638,oss-04,ost_write,43.23
2026-04-22T02:29:35.675,oss-04,ost_write,1.86
2026-04-22T02:29:36.712,oss-04,ost_write,43.49
2026-04-22T02:29:37.749,oss-04,ost_write,2.28
2026-04-22T02:29:38.786,oss-04,ost_write,0.75
2026-04-22T02:29:39.823,oss-04,ost_write,1.91
2026-04-22T02:29:40.860,oss-04,ost_write,31.45
2026-04-22T02:29:41.897,oss-04,ost_write,3.11
2026-04-22T02:29:42.934,oss-04,ost_write,3.21
2026-04-22T02:29:43.971,oss-04,ost_write,3.52
2026-04-22T02:29:44.008,oss-04,ost_write,0.72
2026-04-22T02:29:45.045,oss-04,ost_write,0.72
2026-04-22T02:29:46.082,oss-04,ost_write,2.23
2026-04-22T02:29:47.119,oss-04,ost_write,2.23
2026-04-22T02:29:48.156,oss-04,ost_write,2.18
2026-04-22T02:29:49.193,oss-04,ost_write,1.24
2026-04-22T02:29:50.230,oss-04,ost_write,3.70
2026-04-22T02:29:51.267,oss-04,ost_write,3.59
2026-04-22T02:29:52.304,oss-04,ost_write,2.69
2026-04-22T02:29:53.341,oss-04,ost_write,4.73
2026-04-22T02:29:54.378,oss-04,ost_write,2.08
2026-04-22T02:29:55.415,oss-04,ost_write,1.59
2026-04-22T02:29:56.452,oss-04,ost_write,0.62
2026-04-22T02:29:57.489,oss-04,ost_write,1.41
2026-04-22T02:29:58.526,oss-04,ost_write,1.34
2026-04-22T02:29:59.563,oss-04,ost_write,2.18
2026-04-22T02:30:00.600,oss-04,ost_write,69.73
2026-04-22T02:30:01.637,oss-04,ost_write,0.78
2026-04-22T02:30:02.674,oss-04,ost_write,4.16
2026-04-22T02:30:03.711,oss-04,ost_write,2.93
2026-04-22T02:30:04.748,oss-04,ost_write,2.72
2026-04-22T02:30:05.785,oss-04,ost_write,3.46
2026-04-22T02:30:06.822,oss-04,ost_write,2.32
2026-04-22T02:30:07.859,oss-04,ost_write,1.06
2026-04-22T02:30:08.896,oss-04,ost_write,71.70
2026-04-22T02:30:09.933,oss-04,ost_write,2.86
2026-04-22T02:30:10.970,oss-04,ost_write,2.78
2026-04-22T02:30:11.007,oss-04,ost_write,3.24
2026-04-22T02:30:12.044,oss-04,ost_write,0.90
2026-04-22T02:30:13.081,oss-04,ost_write,1.36
2026-04-22T02:30:14.118,oss-04,ost_write,2.17
2026-04-22T02:30:15.155,oss-04,ost_write,1.02
2026-04-22T02:30:16.192,oss-04,ost_write,8.03
2026-04-22T02:30:17.229,oss-04,ost_write,9.87
2026-04-22T02:30:18.266,oss-04,ost_write,3.78
2026-04-22T02:30:19.303,oss-04,ost_write,2.81
2026-04-22T02:30:20.340,oss-04,ost_write,4.70
2026-04-22T02:30:21.377,oss-04,ost_write,2.95
2026-04-22T02:30:22.414,oss-04,ost_write,1.65
2026-04-22T02:30:23.451,oss-04,ost_write,1.92
2026-04-22T02:30:24.488,oss-04,ost_write,1.14
2026-04-22T02:30:25.525,oss-04,ost_write,2.05
2026-04-22T02:30:26.562,oss-04,ost_write,2.02
2026-04-22T02:30:27.599,oss-04,ost_write,2.43
2026-04-22T02:30:28.636,oss-04,ost_write,1.41
2026-04-22T02:30:29.673,oss-04,ost_write,1.06
2026-04-22T02:30:30.710,oss-04,ost_write,4.40
2026-04-22T02:30:31.747,oss-04,ost_write,1.54
2026-04-22T02:30:32.784,oss-04,ost_write,3.78
2026-04-22T02:30:33.821,oss-04,ost_write,130.73
2026-04-22T02:30:34.858,oss-04,ost_write,0.67
2026-04-22T02:30:35.895,oss-04,ost_write,1.33
2026-04-22T02:30:36.932,oss-04,ost_write,1.68
2026-04-22T02:30:37.969,oss-04,ost_write,1.16
2026-04-22T02:30:38.006,oss-04,ost_write,1.13
2026-04-22T02:30:39.043,oss-04,ost_write,2.79
2026-04-22T02:30:40.080,oss-04,ost_write,1.58
2026-04-22T02:30:41.117,oss-04,ost_write,0.78
2026-04-22T02:30:42.154,oss-04,ost_write,2.79
2026-04-22T02:30:43.191,oss-04,ost_write,2.55
2026-04-22T02:30:44.228,oss-04,ost_write,2.96
2026-04-22T02:30:45.265,oss-04,ost_write,1.87
2026-04-22T02:30:46.302,oss-04,ost_write,3.10
2026-04-22T02:30:47.339,oss-04,ost_write,3.32
2026-04-22T02:30:48.376,oss-04,ost_write,1.11
2026-04-22T02:30:49.413,oss-04,ost_write,4.63
2026-04-22T02:30:50.450,oss-04,ost_write,61.28
2026-04-22T02:30:51.487,oss-04,ost_write,1.49
2026-04-22T02:30:52.524,oss-04,ost_write,1.09
2026-04-22T02:30:53.561,oss-04,ost_write,1.38
2026-04-22T02:30:54.598,oss-04,ost_write,1.89
2026-04-22T02:30:55.635,oss-04,ost_write,2.83
2026-04-22T02:30:56.672,oss-04,ost_write,1.33
2026-04-22T02:30:57.709,oss-04,ost_write,1.72
2026-04-22T02:30:58.746,oss-04,ost_write,1.73
2026-04-22T02:30:59.783,oss-04,ost_write,2.26
2026-04-22T02:31:00.820,oss-04,ost_write,2.07
2026-04-22T02:31:01.857,oss-04,ost_write,99.84
2026-04-22T02:31:02.894,oss-04,ost_write,2.05
2026-04-22T02:31:03.931,oss-04,ost_write,0.98
2026-04-22T02:31:04.968,oss-04,ost_write,1.22
2026-04-22T02:31:05.005,oss-04,ost_write,4.10
2026-04-22T02:31:06.042,oss-04,ost_write,4.60
2026-04-22T02:31:07.079,oss-04,ost_write,1.95
2026-04-22T02:31:08.116,oss-04,ost_write,2.18
2026-04-22T02:31:09.153,oss-04,ost_write,3.57
2026-04-22T02:31:10.190,oss-04,ost_write,1.37
2026-04-22T02:31:11.227,oss-04,ost_write,0.87
2026-04-22T02:31:12.264,oss-04,ost_write,3.31
2026-04-22T02:31:13.301,oss-04,ost_write,1.50
2026-04-22T02:31:14.338,oss-04,ost_write,64.73
2026-04-22T02:31:15.375,oss-04,ost_write,5.28
2026-04-22T02:31:16.412,oss-04,ost_write,1.62
2026-04-22T02:31:17.449,oss-04,ost_write,0.98
2026-04-22T02:31:18.486,oss-04,ost_write,2.45
2026-04-22T02:31:19.523,oss-04,ost_write,3.87
2026-04-22T02:31:20.560,oss-04,ost_write,2.26
2026-04-22T02:31:21.597,oss-04,ost_write,1.38
2026-04-22T02:31:22.634,oss-04,ost_write,0.57
2026-04-22T02:31:23.671,oss-04,ost_write,1.37
2026-04-22T02:31:24.708,oss-04,ost_write,2.47
2026-04-22T02:31:25.745,oss-04,ost_write,1.07
2026-04-22T02:31:26.782,oss-04,ost_write,1.96
2026-04-22T02:31:27.819,oss-04,ost_write,0.56
2026-04-22T02:31:28.856,oss-04,ost_write,2.93
2026-04-22T02:31:29.893,oss-04,ost_write,0.92
2026-04-22T02:31:30.930,oss-04,ost_write,76.83
2026-04-22T02:31:31.967,oss-04,ost_write,1.06
2026-04-22T02:31:32.004,oss-04,ost_write,2.53
2026-04-22T02:31:33.041,oss-04,ost_write,1.59
2026-04-22T02:31:34.078,oss-04,ost_write,3.97
2026-04-22T02:31:35.115,oss-04,ost_write,4.72
2026-04-22T02:31:36.152,oss-04,ost_write,48.78
2026-04-22T02:31:37.189,oss-04,ost_write,2.17
2026-04-22T02:31:38.226,oss-04,ost_write,1.54
2026-04-22T02:31:39.263,oss-04,ost_write,2.11
2026-04-22T02:31:40.300,oss-04,ost_write,3.22
2026-04-22T02:31:41.337,oss-04,ost_write,2.80
2026-04-22T02:31:42.374,oss-04,ost_write,2.56
2026-04-22T02:31:43.411,oss-04,ost_write,31.65
2026-04-22T02:31:44.448,oss-04,ost_write,1.81
2026-04-22T02:31:45.485,oss-04,ost_write,56.10
2026-04-22T02:31:46.522,oss-04,ost_write,52.02
2026-04-22T02:31:47.559,oss-04,ost_write,2.99
2026-04-22T02:31:48.596,oss-04,ost_write,1.77
2026-04-22T02:31:49.633,oss-04,ost_write,2.42
2026-04-22T02:31:50.670,oss-04,ost_write,2.56
2026-04-22T02:31:51.707,oss-04,ost_write,1.30
2026-04-22T02:31:52.744,oss-04,ost_write,2.48
2026-04-22T02:31:53.781,oss-04,ost_write,1.09
2026-04-22T02:31:54.818,oss-04,ost_write,4.00
2026-04-22T02:31:55.855,oss-04,ost_write,1.68
2026-04-22T02:31:56.892,oss-04,ost_write,2.17
2026-04-22T02:31:57.929,oss-04,ost_write,4.57
2026-04-22T02:31:58.966,oss-04,ost_write,3.59
2026-04-22T02:31:59.003,oss-04,ost_write,59.14
2026-04-22T02:32:00.040,oss-04,ost_write,1.55
2026-04-22T02:32:01.077,oss-04,ost_write,2.39
2026-04-22T02:32:02.114,oss-04,ost_write,2.01
2026-04-22T02:32:03.151,oss-04,ost_write,1.84
2026-04-22T02:32:04.188,oss-04,ost_write,1.88
2026-04-22T02:32:05.225,oss-04,ost_write,2.83
2026-04-22T02:32:06.262,oss-04,ost_write,1.11
2026-04-22T02:32:07.299,oss-04,ost_write,1.19
2026-04-22T02:32:08.336,oss-04,ost_write,4.66
2026-04-22T02:32:09.373,oss-04,ost_write,2.24
2026-04-22T02:32:10.410,oss-04,ost_write,1.94
2026-04-22T02:32:11.447,oss-04,ost_write,1.63
2026-04-22T02:32:12.484,oss-04,ost_write,5.05
2026-04-22T02:32:13.521,oss-04,ost_write,2.49
2026-04-22T02:32:14.558,oss-04,ost_write,1.46
2026-04-22T02:32:15.595,oss-04,ost_write,1.07
2026-04-22T02:32:16.632,oss-04,ost_write,2.14
2026-04-22T02:32:17.669,oss-04,ost_write,7.90
2026-04-22T02:32:18.706,oss-04,ost_write,0.48
2026-04-22T02:32:19.743,oss-04,ost_write,61.06
2026-04-22T02:32:20.780,oss-04,ost_write,3.63
2026-04-22T02:32:21.817,oss-04,ost_write,2.81
2026-04-22T02:32:22.854,oss-04,ost_write,81.07
2026-04-22T02:32:23.891,oss-04,ost_write,65.42
2026-04-22T02:32:24.928,oss-04,ost_write,2.42
2026-04-22T02:32:25.965,oss-04,ost_write,3.68
2026-04-22T02:32:26.002,oss-04,ost_write,2.35
2026-04-22T02:32:27.039,oss-04,ost_write,1.75
2026-04-22T02:32:28.076,oss-04,ost_write,3.20
2026-04-22T02:32:29.113,oss-04,ost_write,1.83
2026-04-22T02:32:30.150,oss-04,ost_write,1.48
2026-04-22T02:32:31.187,oss-04,ost_write,2.63
2026-04-22T02:32:32.224,oss-04,ost_write,3.10
2026-04-22T02:32:33.261,oss-04,ost_write,0.69
2026-04-22T02:32:34.298,oss-04,ost_write,2.05
2026-04-22T02:32:35.335,oss-04,ost_write,2.84
2026-04-22T02:32:36.372,oss-04,ost_write,3.25
2026-04-22T02:32:37.409,oss-04,ost_write,2.33
2026-04-22T02:32:38.446,oss-04,ost_write,4.93
2026-04-22T02:32:39.483,oss-04,ost_write,1.84
2026-04-22T02:32:40.520,oss-04,ost_write,55.75
2026-04-22T02:32:41.557,oss-04,ost_write,1.68
2026-04-22T02:32:42.594,oss-04,ost_write,1.44
2026-04-22T02:32:43.631,oss-04,ost_write,0.85
2026-04-22T02:32:44.668,oss-04,ost_write,3.01
2026-04-22T02:32:45.705,oss-04,ost_write,2.24
2026-04-22T02:32:46.742,oss-04,ost_write,68.77
2026-04-22T02:32:47.779,oss-04,ost_write,2.98
2026-04-22T02:32:48.816,oss-04,ost_write,107.85
2026-04-22T02:32:49.853,oss-04,ost_write,2.60
2026-04-22T02:32:50.890,oss-04,ost_write,96.42
2026-04-22T02:32:51.927,oss-04,ost_write,1.28
2026-04-22T02:32:52.964,oss-04,ost_write,5.43
2026-04-22T02:32:53.001,oss-04,ost_write,75.45
2026-04-22T02:32:54.038,oss-04,ost_write,2.01
2026-04-22T02:32:55.075,oss-04,ost_write,1.81
2026-04-22T02:32:56.112,oss-04,ost_write,3.24
2026-04-22T02:32:57.149,oss-04,ost_write,0.86
2026-04-22T02:32:58.186,oss-04,ost_write,1.44
2026-04-22T02:32:59.223,oss-04,ost_write,2.56
2026-04-22T02:33:00.260,oss-04,ost_write,102.70
2026-04-22T02:33:01.297,oss-04,ost_write,183.14
2026-04-22T02:33:02.334,oss-04,ost_write,1.05
2026-04-22T02:33:03.371,oss-04,ost_write,2.11
2026-04-22T02:33:04.408,oss-04,ost_write,3.34
2026-04-22T02:33:05.445,oss-04,ost_write,162.11
2026-04-22T02:33:06.482,oss-04,ost_write,2.48
2026-04-22T02:33:07.519,oss-04,ost_write,3.18
2026-04-22T02:33:08.556,oss-04,ost_write,3.46
2026-04-22T02:33:09.593,oss-04,ost_write,90.01
2026-04-22T02:33:10.630,oss-04,ost_write,2.82
2026-04-22T02:33:11.667,oss-04,ost_write,2.01
2026-04-22T02:33:12.704,oss-04,ost_write,50.56
2026-04-22T02:33:13.741,oss-04,ost_write,1.87
2026-04-22T02:33:14.778,oss-04,ost_write,2.41
2026-04-22T02:33:15.815,oss-04,ost_write,3.79
2026-04-22T02:33:16.852,oss-04,ost_write,2.42
2026-04-22T02:33:17.889,oss-04,ost_write,5.47
2026-04-22T02:33:18.926,oss-04,ost_write,4.52
2026-04-22T02:33:19.963,oss-04,ost_write,2.27
